
use GYM_MEMBERSHIP_SYSTEM;
                        
                                           -- Members Datas
                                           
INSERT INTO Members (MemberID, FirstName, LastName, Gender, DOB, JoinDate, Phone, Email) VALUES (1, 'Meena', 'Joshi', 'F', '1980-12-12', '2024-01-20', 9810316628, 'meena1@example.com');
INSERT INTO Members (MemberID, FirstName, LastName, Gender, DOB, JoinDate, Phone, Email) VALUES (2, 'Vikram', 'Singh', 'M', '2004-01-22', '2024-04-13', 9824891688, 'vikram2@example.com');
INSERT INTO Members (MemberID, FirstName, LastName, Gender, DOB, JoinDate, Phone, Email) VALUES (3, 'Rohit', 'Khan', 'F', '2001-11-05', '2024-05-01', 9896758273, 'rohit3@example.com');
INSERT INTO Members (MemberID, FirstName, LastName, Gender, DOB, JoinDate, Phone, Email) VALUES (4, 'Priya', 'Gupta', 'F', '1982-05-15', '2024-04-23', 9889446170, 'priya4@example.com');
INSERT INTO Members (MemberID, FirstName, LastName, Gender, DOB, JoinDate, Phone, Email) VALUES (5, 'Priya', 'Gupta', 'M', '2005-12-02', '2024-01-23', 9880349034, 'priya5@example.com');
INSERT INTO Members (MemberID, FirstName, LastName, Gender, DOB, JoinDate, Phone, Email) VALUES (6, 'Sneha', 'Sharma', 'M', '1984-01-16', '2024-02-05', 9884248067, 'sneha6@example.com');
INSERT INTO Members (MemberID, FirstName, LastName, Gender, DOB, JoinDate, Phone, Email) VALUES (7, 'Vikram', 'Reddy', 'M', '1989-11-26', '2024-04-11', 9867187483, 'vikram7@example.com');
INSERT INTO Members (MemberID, FirstName, LastName, Gender, DOB, JoinDate, Phone, Email) VALUES (8, 'Amit', 'Joshi', 'F', '1982-11-27', '2024-03-04', 9841426479, 'amit8@example.com');
INSERT INTO Members (MemberID, FirstName, LastName, Gender, DOB, JoinDate, Phone, Email) VALUES (9, 'Sonia', 'Joshi', 'M', '2000-12-01', '2024-03-16', 9841146783, 'sonia9@example.com');
INSERT INTO Members (MemberID, FirstName, LastName, Gender, DOB, JoinDate, Phone, Email) VALUES (10, 'Amit', 'Sharma', 'M', '1985-03-09', '2024-04-21', 9840725410, 'amit10@example.com');
INSERT INTO Members (MemberID, FirstName, LastName, Gender, DOB, JoinDate, Phone, Email) VALUES (11, 'Amit', 'Verma', 'F', '1998-01-27', '2024-05-19', 9829476985, 'amit11@example.com');
INSERT INTO Members (MemberID, FirstName, LastName, Gender, DOB, JoinDate, Phone, Email) VALUES (12, 'Priya', 'Doe', 'F', '2005-07-16', '2024-03-17', 9821630934, 'priya12@example.com');
INSERT INTO Members (MemberID, FirstName, LastName, Gender, DOB, JoinDate, Phone, Email) VALUES (13, 'Rohit', 'Gupta', 'F', '1983-09-27', '2024-01-22', 9844290898, 'rohit13@example.com');
INSERT INTO Members (MemberID, FirstName, LastName, Gender, DOB, JoinDate, Phone, Email) VALUES (14, 'Kiran', 'Khan', 'F', '2001-11-04', '2024-01-25', 9853187753, 'kiran14@example.com');
INSERT INTO Members (MemberID, FirstName, LastName, Gender, DOB, JoinDate, Phone, Email) VALUES (15, 'John', 'Gupta', 'F', '1983-09-21', '2024-05-09', 9817783944, 'john15@example.com');
INSERT INTO Members (MemberID, FirstName, LastName, Gender, DOB, JoinDate, Phone, Email) VALUES (16, 'Aamir', 'Verma', 'F', '1997-03-03', '2024-05-20', 9825000925, 'aamir16@example.com');
INSERT INTO Members (MemberID, FirstName, LastName, Gender, DOB, JoinDate, Phone, Email) VALUES (17, 'Aamir', 'Doe', 'M', '1980-11-02', '2024-05-14', 9825171129, 'aamir17@example.com');
INSERT INTO Members (MemberID, FirstName, LastName, Gender, DOB, JoinDate, Phone, Email) VALUES (18, 'John', 'Gupta', 'M', '2000-03-06', '2024-03-09', 9881549002, 'john18@example.com');
INSERT INTO Members (MemberID, FirstName, LastName, Gender, DOB, JoinDate, Phone, Email) VALUES (19, 'Sneha', 'Gupta', 'F', '1990-07-12', '2024-05-25', 9813020937, 'sneha19@example.com');
INSERT INTO Members (MemberID, FirstName, LastName, Gender, DOB, JoinDate, Phone, Email) VALUES (20, 'Kiran', 'Khan', 'M', '1985-04-07', '2024-01-03', 9824222056, 'kiran20@example.com');
INSERT INTO Members (MemberID, FirstName, LastName, Gender, DOB, JoinDate, Phone, Email) VALUES (21, 'Rohit', 'Patel', 'F', '1992-11-28', '2024-02-11', 9838333011, 'rohit21@example.com');
INSERT INTO Members (MemberID, FirstName, LastName, Gender, DOB, JoinDate, Phone, Email) VALUES (22, 'John', 'Joshi', 'M', '2004-11-02', '2024-05-25', 9815262414, 'john22@example.com');
INSERT INTO Members (MemberID, FirstName, LastName, Gender, DOB, JoinDate, Phone, Email) VALUES (23, 'Sonia', 'Kapoor', 'F', '1998-05-23', '2024-05-26', 9859614564, 'sonia23@example.com');
INSERT INTO Members (MemberID, FirstName, LastName, Gender, DOB, JoinDate, Phone, Email) VALUES (24, 'John', 'Kapoor', 'M', '1984-10-02', '2024-01-11', 9898307379, 'john24@example.com');
INSERT INTO Members (MemberID, FirstName, LastName, Gender, DOB, JoinDate, Phone, Email) VALUES (25, 'Meena', 'Khan', 'F', '1993-01-02', '2024-01-06', 9876572239, 'meena25@example.com');
INSERT INTO Members (MemberID, FirstName, LastName, Gender, DOB, JoinDate, Phone, Email) VALUES (26, 'Sneha', 'Khan', 'F', '1981-04-01', '2024-05-04', 9865353704, 'sneha26@example.com');
INSERT INTO Members (MemberID, FirstName, LastName, Gender, DOB, JoinDate, Phone, Email) VALUES (27, 'Vikram', 'Gupta', 'M', '1992-05-24', '2024-03-13', 9836734745, 'vikram27@example.com');
INSERT INTO Members (MemberID, FirstName, LastName, Gender, DOB, JoinDate, Phone, Email) VALUES (28, 'John', 'Reddy', 'M', '2004-12-14', '2024-04-26', 9892242758, 'john28@example.com');
INSERT INTO Members (MemberID, FirstName, LastName, Gender, DOB, JoinDate, Phone, Email) VALUES (29, 'Aamir', 'Kapoor', 'M', '1984-09-28', '2024-03-05', 9857122908, 'aamir29@example.com');
INSERT INTO Members (MemberID, FirstName, LastName, Gender, DOB, JoinDate, Phone, Email) VALUES (30, 'John', 'Doe', 'F', '1989-08-06', '2024-01-15', 9896388160, 'john30@example.com');
INSERT INTO Members (MemberID, FirstName, LastName, Gender, DOB, JoinDate, Phone, Email) VALUES (31, 'Amit', 'Verma', 'M', '1995-09-25', '2024-01-22', 9865490175, 'amit31@example.com');
INSERT INTO Members (MemberID, FirstName, LastName, Gender, DOB, JoinDate, Phone, Email) VALUES (32, 'Kiran', 'Joshi', 'F', '1993-10-13', '2024-01-28', 9874677402, 'kiran32@example.com');
INSERT INTO Members (MemberID, FirstName, LastName, Gender, DOB, JoinDate, Phone, Email) VALUES (33, 'Sonia', 'Sharma', 'F', '1988-08-08', '2024-01-21', 9885804833, 'sonia33@example.com');
INSERT INTO Members (MemberID, FirstName, LastName, Gender, DOB, JoinDate, Phone, Email) VALUES (34, 'Aamir', 'Sharma', 'F', '1991-05-03', '2024-05-16', 9871398173, 'aamir34@example.com');
INSERT INTO Members (MemberID, FirstName, LastName, Gender, DOB, JoinDate, Phone, Email) VALUES (35, 'Rohit', 'Reddy', 'F', '1985-10-25', '2024-04-06', 9867668001, 'rohit35@example.com');
INSERT INTO Members (MemberID, FirstName, LastName, Gender, DOB, JoinDate, Phone, Email) VALUES (36, 'Kiran', 'Doe', 'F', '2002-03-02', '2024-01-27', 9821345320, 'kiran36@example.com');
INSERT INTO Members (MemberID, FirstName, LastName, Gender, DOB, JoinDate, Phone, Email) VALUES (37, 'Meena', 'Khan', 'M', '1985-04-16', '2024-05-11', 9831771284, 'meena37@example.com');
INSERT INTO Members (MemberID, FirstName, LastName, Gender, DOB, JoinDate, Phone, Email) VALUES (38, 'Rohit', 'Joshi', 'F', '1991-08-10', '2024-03-03', 9870652737, 'rohit38@example.com');
INSERT INTO Members (MemberID, FirstName, LastName, Gender, DOB, JoinDate, Phone, Email) VALUES (39, 'Rohit', 'Joshi', 'M', '1989-09-21', '2024-03-19', 9873343507, 'rohit39@example.com');
INSERT INTO Members (MemberID, FirstName, LastName, Gender, DOB, JoinDate, Phone, Email) VALUES (40, 'Amit', 'Kapoor', 'F', '1989-08-18', '2024-01-09', 9893716374, 'amit40@example.com');
INSERT INTO Members (MemberID, FirstName, LastName, Gender, DOB, JoinDate, Phone, Email) VALUES (41, 'Meena', 'Joshi', 'M', '1995-07-02', '2024-02-20', 9880245225, 'meena41@example.com');
INSERT INTO Members (MemberID, FirstName, LastName, Gender, DOB, JoinDate, Phone, Email) VALUES (42, 'Kiran', 'Kapoor', 'M', '1986-08-27', '2024-03-16', 9820895618, 'kiran42@example.com');
INSERT INTO Members (MemberID, FirstName, LastName, Gender, DOB, JoinDate, Phone, Email) VALUES (43, 'Aamir', 'Gupta', 'F', '1981-06-20', '2024-04-05', 9896501292, 'aamir43@example.com');
INSERT INTO Members (MemberID, FirstName, LastName, Gender, DOB, JoinDate, Phone, Email) VALUES (44, 'Amit', 'Sharma', 'M', '1991-03-03', '2024-05-28', 9883939077, 'amit44@example.com');
INSERT INTO Members (MemberID, FirstName, LastName, Gender, DOB, JoinDate, Phone, Email) VALUES (45, 'Priya', 'Doe', 'M', '1992-02-05', '2024-01-05', 9862716719, 'priya45@example.com');
INSERT INTO Members (MemberID, FirstName, LastName, Gender, DOB, JoinDate, Phone, Email) VALUES (46, 'Kiran', 'Khan', 'M', '1984-09-09', '2024-01-23', 9854672680, 'kiran46@example.com');
INSERT INTO Members (MemberID, FirstName, LastName, Gender, DOB, JoinDate, Phone, Email) VALUES (47, 'Amit', 'Gupta', 'M', '2004-09-26', '2024-03-23', 9884481807, 'amit47@example.com');
INSERT INTO Members (MemberID, FirstName, LastName, Gender, DOB, JoinDate, Phone, Email) VALUES (48, 'Aamir', 'Joshi', 'M', '2001-02-27', '2024-02-18', 9839306494, 'aamir48@example.com');
INSERT INTO Members (MemberID, FirstName, LastName, Gender, DOB, JoinDate, Phone, Email) VALUES (49, 'John', 'Doe', 'M', '1996-05-22', '2024-05-19', 9848350253, 'john49@example.com');
INSERT INTO Members (MemberID, FirstName, LastName, Gender, DOB, JoinDate, Phone, Email) VALUES (50, 'Amit', 'Kapoor', 'M', '1992-01-20', '2024-05-28', 9893353274, 'amit50@example.com');
INSERT INTO Members (MemberID, FirstName, LastName, Gender, DOB, JoinDate, Phone, Email) VALUES (51, 'Priya', 'Sharma', 'F', '2000-01-19', '2024-05-27', 9846007864, 'priya51@example.com');
INSERT INTO Members (MemberID, FirstName, LastName, Gender, DOB, JoinDate, Phone, Email) VALUES (52, 'Aamir', 'Doe', 'F', '1993-07-04', '2024-04-13', 9870077173, 'aamir52@example.com');
INSERT INTO Members (MemberID, FirstName, LastName, Gender, DOB, JoinDate, Phone, Email) VALUES (53, 'John', 'Gupta', 'F', '1986-06-23', '2024-01-18', 9820133777, 'john53@example.com');
INSERT INTO Members (MemberID, FirstName, LastName, Gender, DOB, JoinDate, Phone, Email) VALUES (54, 'Kiran', 'Doe', 'M', '1987-04-16', '2024-02-23', 9850276222, 'kiran54@example.com');
INSERT INTO Members (MemberID, FirstName, LastName, Gender, DOB, JoinDate, Phone, Email) VALUES (55, 'Rohit', 'Patel', 'F', '1991-11-18', '2024-01-09', 9870199671, 'rohit55@example.com');
INSERT INTO Members (MemberID, FirstName, LastName, Gender, DOB, JoinDate, Phone, Email) VALUES (56, 'Aamir', 'Kapoor', 'M', '1991-07-10', '2024-05-20', 9829770870, 'aamir56@example.com');
INSERT INTO Members (MemberID, FirstName, LastName, Gender, DOB, JoinDate, Phone, Email) VALUES (57, 'Kiran', 'Reddy', 'F', '2005-10-16', '2024-03-09', 9824936959, 'kiran57@example.com');
INSERT INTO Members (MemberID, FirstName, LastName, Gender, DOB, JoinDate, Phone, Email) VALUES (58, 'John', 'Singh', 'M', '1999-01-07', '2024-02-03', 9888078834, 'john58@example.com');
INSERT INTO Members (MemberID, FirstName, LastName, Gender, DOB, JoinDate, Phone, Email) VALUES (59, 'Amit', 'Sharma', 'M', '1994-02-06', '2024-05-05', 9836483994, 'amit59@example.com');
INSERT INTO Members (MemberID, FirstName, LastName, Gender, DOB, JoinDate, Phone, Email) VALUES (60, 'Sneha', 'Joshi', 'M', '1985-05-02', '2024-02-22', 9883614125, 'sneha60@example.com');
INSERT INTO Members (MemberID, FirstName, LastName, Gender, DOB, JoinDate, Phone, Email) VALUES (61, 'John', 'Patel', 'M', '1988-05-15', '2024-03-28', 9881047142, 'john61@example.com');
INSERT INTO Members (MemberID, FirstName, LastName, Gender, DOB, JoinDate, Phone, Email) VALUES (62, 'Sonia', 'Gupta', 'M', '1996-08-03', '2024-04-16', 9877377631, 'sonia62@example.com');
INSERT INTO Members (MemberID, FirstName, LastName, Gender, DOB, JoinDate, Phone, Email) VALUES (63, 'Priya', 'Reddy', 'M', '1992-08-03', '2024-01-08', 9863458783, 'priya63@example.com');
INSERT INTO Members (MemberID, FirstName, LastName, Gender, DOB, JoinDate, Phone, Email) VALUES (64, 'John', 'Patel', 'M', '1999-08-28', '2024-04-18', 9894351586, 'john64@example.com');
INSERT INTO Members (MemberID, FirstName, LastName, Gender, DOB, JoinDate, Phone, Email) VALUES (65, 'Priya', 'Kapoor', 'F', '1995-04-28', '2024-01-08', 9827777970, 'priya65@example.com');
INSERT INTO Members (MemberID, FirstName, LastName, Gender, DOB, JoinDate, Phone, Email) VALUES (66, 'Kiran', 'Khan', 'M', '2005-02-13', '2024-03-02', 9830316072, 'kiran66@example.com');
INSERT INTO Members (MemberID, FirstName, LastName, Gender, DOB, JoinDate, Phone, Email) VALUES (67, 'Rohit', 'Singh', 'F', '1983-04-18', '2024-02-15', 9888845296, 'rohit67@example.com');
INSERT INTO Members (MemberID, FirstName, LastName, Gender, DOB, JoinDate, Phone, Email) VALUES (68, 'Kiran', 'Kapoor', 'F', '1982-01-01', '2024-03-25', 9877746612, 'kiran68@example.com');
INSERT INTO Members (MemberID, FirstName, LastName, Gender, DOB, JoinDate, Phone, Email) VALUES (69, 'Meena', 'Doe', 'F', '1986-10-04', '2024-02-11', 9812208212, 'meena69@example.com');
INSERT INTO Members (MemberID, FirstName, LastName, Gender, DOB, JoinDate, Phone, Email) VALUES (70, 'Rohit', 'Sharma', 'M', '1984-10-26', '2024-04-25', 9818206746, 'rohit70@example.com');
INSERT INTO Members (MemberID, FirstName, LastName, Gender, DOB, JoinDate, Phone, Email) VALUES (71, 'Sonia', 'Gupta', 'F', '1993-12-26', '2024-05-28', 9825593532, 'sonia71@example.com');
INSERT INTO Members (MemberID, FirstName, LastName, Gender, DOB, JoinDate, Phone, Email) VALUES (72, 'Rohit', 'Gupta', 'F', '1985-12-04', '2024-01-21', 9878288365, 'rohit72@example.com');
INSERT INTO Members (MemberID, FirstName, LastName, Gender, DOB, JoinDate, Phone, Email) VALUES (73, 'Amit', 'Gupta', 'F', '1981-05-21', '2024-05-04', 9826512943, 'amit73@example.com');
INSERT INTO Members (MemberID, FirstName, LastName, Gender, DOB, JoinDate, Phone, Email) VALUES (74, 'Amit', 'Patel', 'M', '1980-11-17', '2024-02-19', 9852715385, 'amit74@example.com');
INSERT INTO Members (MemberID, FirstName, LastName, Gender, DOB, JoinDate, Phone, Email) VALUES (75, 'Meena', 'Patel', 'F', '1999-10-19', '2024-02-06', 9898267609, 'meena75@example.com');
INSERT INTO Members (MemberID, FirstName, LastName, Gender, DOB, JoinDate, Phone, Email) VALUES (76, 'Amit', 'Sharma', 'F', '1986-03-24', '2024-03-27', 9879625618, 'amit76@example.com');
INSERT INTO Members (MemberID, FirstName, LastName, Gender, DOB, JoinDate, Phone, Email) VALUES (77, 'Kiran', 'Gupta', 'F', '2002-11-26', '2024-04-25', 9850140754, 'kiran77@example.com');
INSERT INTO Members (MemberID, FirstName, LastName, Gender, DOB, JoinDate, Phone, Email) VALUES (78, 'Vikram', 'Gupta', 'F', '1999-11-11', '2024-02-12', 9872812848, 'vikram78@example.com');
INSERT INTO Members (MemberID, FirstName, LastName, Gender, DOB, JoinDate, Phone, Email) VALUES (79, 'Sonia', 'Sharma', 'F', '1983-04-20', '2024-04-02', 9821163640, 'sonia79@example.com');
INSERT INTO Members (MemberID, FirstName, LastName, Gender, DOB, JoinDate, Phone, Email) VALUES (80, 'Sneha', 'Sharma', 'M', '1980-10-27', '2024-01-24', 9837980262, 'sneha80@example.com');
INSERT INTO Members (MemberID, FirstName, LastName, Gender, DOB, JoinDate, Phone, Email) VALUES (81, 'Priya', 'Doe', 'F', '1981-06-26', '2024-01-02', 9884952273, 'priya81@example.com');
INSERT INTO Members (MemberID, FirstName, LastName, Gender, DOB, JoinDate, Phone, Email) VALUES (82, 'John', 'Reddy', 'M', '1993-05-28', '2024-04-24', 9893409552, 'john82@example.com');
INSERT INTO Members (MemberID, FirstName, LastName, Gender, DOB, JoinDate, Phone, Email) VALUES (83, 'Meena', 'Kapoor', 'F', '1987-07-05', '2024-02-08', 9881292423, 'meena83@example.com');
INSERT INTO Members (MemberID, FirstName, LastName, Gender, DOB, JoinDate, Phone, Email) VALUES (84, 'Sneha', 'Doe', 'F', '1996-03-25', '2024-02-17', 9891058454, 'sneha84@example.com');
INSERT INTO Members (MemberID, FirstName, LastName, Gender, DOB, JoinDate, Phone, Email) VALUES (85, 'Rohit', 'Joshi', 'F', '1996-11-15', '2024-04-11', 9829765832, 'rohit85@example.com');
INSERT INTO Members (MemberID, FirstName, LastName, Gender, DOB, JoinDate, Phone, Email) VALUES (86, 'Meena', 'Patel', 'M', '1998-04-01', '2024-05-12', 9885000630, 'meena86@example.com');
INSERT INTO Members (MemberID, FirstName, LastName, Gender, DOB, JoinDate, Phone, Email) VALUES (87, 'Meena', 'Sharma', 'F', '1989-07-16', '2024-03-14', 9810526282, 'meena87@example.com');
INSERT INTO Members (MemberID, FirstName, LastName, Gender, DOB, JoinDate, Phone, Email) VALUES (88, 'Sneha', 'Khan', 'F', '1995-08-13', '2024-05-23', 9886975674, 'sneha88@example.com');
INSERT INTO Members (MemberID, FirstName, LastName, Gender, DOB, JoinDate, Phone, Email) VALUES (89, 'Priya', 'Reddy', 'M', '2002-11-07', '2024-01-27', 9815857862, 'priya89@example.com');
INSERT INTO Members (MemberID, FirstName, LastName, Gender, DOB, JoinDate, Phone, Email) VALUES (90, 'Vikram', 'Joshi', 'F', '1981-10-07', '2024-03-02', 9811359316, 'vikram90@example.com');
INSERT INTO Members (MemberID, FirstName, LastName, Gender, DOB, JoinDate, Phone, Email) VALUES (91, 'Amit', 'Gupta', 'M', '1992-08-27', '2024-04-04', 9834124249, 'amit91@example.com');
INSERT INTO Members (MemberID, FirstName, LastName, Gender, DOB, JoinDate, Phone, Email) VALUES (92, 'Kiran', 'Reddy', 'M', '1982-11-03', '2024-01-12', 9822146203, 'kiran92@example.com');
INSERT INTO Members (MemberID, FirstName, LastName, Gender, DOB, JoinDate, Phone, Email) VALUES (93, 'Sonia', 'Reddy', 'M', '2005-05-10', '2024-02-19', 9883135838, 'sonia93@example.com');
INSERT INTO Members (MemberID, FirstName, LastName, Gender, DOB, JoinDate, Phone, Email) VALUES (94, 'Vikram', 'Joshi', 'M', '1999-12-04', '2024-01-16', 9884431262, 'vikram94@example.com');
INSERT INTO Members (MemberID, FirstName, LastName, Gender, DOB, JoinDate, Phone, Email) VALUES (95, 'Vikram', 'Sharma', 'M', '1987-01-25', '2024-02-09', 9872473528, 'vikram95@example.com');
INSERT INTO Members (MemberID, FirstName, LastName, Gender, DOB, JoinDate, Phone, Email) VALUES (96, 'Sonia', 'Patel', 'F', '1988-06-10', '2024-02-09', 9822056017, 'sonia96@example.com');
INSERT INTO Members (MemberID, FirstName, LastName, Gender, DOB, JoinDate, Phone, Email) VALUES (97, 'Rohit', 'Khan', 'F', '1987-08-08', '2024-02-09', 9894321566, 'rohit97@example.com');
INSERT INTO Members (MemberID, FirstName, LastName, Gender, DOB, JoinDate, Phone, Email) VALUES (98, 'Sonia', 'Sharma', 'F', '1996-12-22', '2024-02-17', 9849425281, 'sonia98@example.com');
INSERT INTO Members (MemberID, FirstName, LastName, Gender, DOB, JoinDate, Phone, Email) VALUES (99, 'Vikram', 'Khan', 'F', '2001-12-02', '2024-04-14', 9868895807, 'vikram99@example.com');
INSERT INTO Members (MemberID, FirstName, LastName, Gender, DOB, JoinDate, Phone, Email) VALUES (100, 'Meena', 'Joshi', 'M', '2004-03-24', '2024-04-06', 9813249856, 'meena100@example.com');

                                        -- MembershipTypes Datas
                            
INSERT INTO MembershipTypes (MembershipTypeID, TypeName, DurationMonths, Fee) VALUES (1, 'Basic', 1, 1000);
INSERT INTO MembershipTypes (MembershipTypeID, TypeName, DurationMonths, Fee) VALUES (2, 'Standard', 3, 2700);
INSERT INTO MembershipTypes (MembershipTypeID, TypeName, DurationMonths, Fee) VALUES (3, 'Premium', 6, 5000);
          
									  --   Subscriptions Datas
                                      
INSERT INTO Subscriptions (SubscriptionID, MemberID, MembershipTypeID, StartDate, EndDate, Status) VALUES (1, 1, 1, '2024-05-02', '2024-06-01', 'Expired');
INSERT INTO Subscriptions (SubscriptionID, MemberID, MembershipTypeID, StartDate, EndDate, Status) VALUES (2, 2, 2, '2024-03-18', '2024-06-16', 'Expired');
INSERT INTO Subscriptions (SubscriptionID, MemberID, MembershipTypeID, StartDate, EndDate, Status) VALUES (3, 3, 2, '2024-04-15', '2024-07-14', 'Expired');
INSERT INTO Subscriptions (SubscriptionID, MemberID, MembershipTypeID, StartDate, EndDate, Status) VALUES (4, 4, 3, '2024-04-16', '2024-10-13', 'Expired');
INSERT INTO Subscriptions (SubscriptionID, MemberID, MembershipTypeID, StartDate, EndDate, Status) VALUES (5, 5, 2, '2024-03-18', '2024-06-16', 'Expired');
INSERT INTO Subscriptions (SubscriptionID, MemberID, MembershipTypeID, StartDate, EndDate, Status) VALUES (6, 6, 2, '2024-01-26', '2024-04-25', 'Expired');
INSERT INTO Subscriptions (SubscriptionID, MemberID, MembershipTypeID, StartDate, EndDate, Status) VALUES (7, 7, 2, '2024-03-04', '2024-06-02', 'Expired');
INSERT INTO Subscriptions (SubscriptionID, MemberID, MembershipTypeID, StartDate, EndDate, Status) VALUES (8, 8, 1, '2024-04-03', '2024-05-03', 'Expired');
INSERT INTO Subscriptions (SubscriptionID, MemberID, MembershipTypeID, StartDate, EndDate, Status) VALUES (9, 9, 1, '2024-04-26', '2024-05-26', 'Expired');
INSERT INTO Subscriptions (SubscriptionID, MemberID, MembershipTypeID, StartDate, EndDate, Status) VALUES (10, 10, 3, '2024-05-21', '2024-11-17', 'Expired');
INSERT INTO Subscriptions (SubscriptionID, MemberID, MembershipTypeID, StartDate, EndDate, Status) VALUES (11, 11, 3, '2024-02-28', '2024-08-26', 'Expired');
INSERT INTO Subscriptions (SubscriptionID, MemberID, MembershipTypeID, StartDate, EndDate, Status) VALUES (12, 12, 1, '2024-04-03', '2024-05-03', 'Expired');
INSERT INTO Subscriptions (SubscriptionID, MemberID, MembershipTypeID, StartDate, EndDate, Status) VALUES (13, 13, 3, '2024-04-09', '2024-10-06', 'Expired');
INSERT INTO Subscriptions (SubscriptionID, MemberID, MembershipTypeID, StartDate, EndDate, Status) VALUES (14, 14, 3, '2024-03-10', '2024-09-06', 'Expired');
INSERT INTO Subscriptions (SubscriptionID, MemberID, MembershipTypeID, StartDate, EndDate, Status) VALUES (15, 15, 1, '2024-05-04', '2024-06-03', 'Expired');
INSERT INTO Subscriptions (SubscriptionID, MemberID, MembershipTypeID, StartDate, EndDate, Status) VALUES (16, 16, 2, '2024-05-03', '2024-08-01', 'Expired');
INSERT INTO Subscriptions (SubscriptionID, MemberID, MembershipTypeID, StartDate, EndDate, Status) VALUES (17, 17, 3, '2024-01-22', '2024-07-20', 'Expired');
INSERT INTO Subscriptions (SubscriptionID, MemberID, MembershipTypeID, StartDate, EndDate, Status) VALUES (18, 18, 2, '2024-05-02', '2024-07-31', 'Expired');
INSERT INTO Subscriptions (SubscriptionID, MemberID, MembershipTypeID, StartDate, EndDate, Status) VALUES (19, 19, 3, '2024-02-18', '2024-08-16', 'Expired');
INSERT INTO Subscriptions (SubscriptionID, MemberID, MembershipTypeID, StartDate, EndDate, Status) VALUES (20, 20, 3, '2024-03-27', '2024-09-23', 'Expired');
INSERT INTO Subscriptions (SubscriptionID, MemberID, MembershipTypeID, StartDate, EndDate, Status) VALUES (21, 21, 3, '2024-03-25', '2024-09-21', 'Expired');
INSERT INTO Subscriptions (SubscriptionID, MemberID, MembershipTypeID, StartDate, EndDate, Status) VALUES (22, 22, 1, '2024-03-01', '2024-03-31', 'Expired');
INSERT INTO Subscriptions (SubscriptionID, MemberID, MembershipTypeID, StartDate, EndDate, Status) VALUES (23, 23, 3, '2024-02-05', '2024-08-03', 'Expired');
INSERT INTO Subscriptions (SubscriptionID, MemberID, MembershipTypeID, StartDate, EndDate, Status) VALUES (24, 24, 2, '2024-04-24', '2024-07-23', 'Expired');
INSERT INTO Subscriptions (SubscriptionID, MemberID, MembershipTypeID, StartDate, EndDate, Status) VALUES (25, 25, 1, '2024-04-07', '2024-05-07', 'Expired');
INSERT INTO Subscriptions (SubscriptionID, MemberID, MembershipTypeID, StartDate, EndDate, Status) VALUES (26, 26, 2, '2024-02-15', '2024-05-15', 'Expired');
INSERT INTO Subscriptions (SubscriptionID, MemberID, MembershipTypeID, StartDate, EndDate, Status) VALUES (27, 27, 2, '2024-02-08', '2024-05-08', 'Expired');
INSERT INTO Subscriptions (SubscriptionID, MemberID, MembershipTypeID, StartDate, EndDate, Status) VALUES (28, 28, 3, '2024-03-18', '2024-09-14', 'Expired');
INSERT INTO Subscriptions (SubscriptionID, MemberID, MembershipTypeID, StartDate, EndDate, Status) VALUES (29, 29, 1, '2024-05-26', '2024-06-25', 'Expired');
INSERT INTO Subscriptions (SubscriptionID, MemberID, MembershipTypeID, StartDate, EndDate, Status) VALUES (30, 30, 1, '2024-04-18', '2024-05-18', 'Expired');
INSERT INTO Subscriptions (SubscriptionID, MemberID, MembershipTypeID, StartDate, EndDate, Status) VALUES (31, 31, 1, '2024-05-11', '2024-06-10', 'Expired');
INSERT INTO Subscriptions (SubscriptionID, MemberID, MembershipTypeID, StartDate, EndDate, Status) VALUES (32, 32, 2, '2024-02-24', '2024-05-24', 'Expired');
INSERT INTO Subscriptions (SubscriptionID, MemberID, MembershipTypeID, StartDate, EndDate, Status) VALUES (33, 33, 1, '2024-05-09', '2024-06-08', 'Expired');
INSERT INTO Subscriptions (SubscriptionID, MemberID, MembershipTypeID, StartDate, EndDate, Status) VALUES (34, 34, 2, '2024-04-17', '2024-07-16', 'Expired');
INSERT INTO Subscriptions (SubscriptionID, MemberID, MembershipTypeID, StartDate, EndDate, Status) VALUES (35, 35, 2, '2024-02-15', '2024-05-15', 'Expired');
INSERT INTO Subscriptions (SubscriptionID, MemberID, MembershipTypeID, StartDate, EndDate, Status) VALUES (36, 36, 2, '2024-04-05', '2024-07-04', 'Expired');
INSERT INTO Subscriptions (SubscriptionID, MemberID, MembershipTypeID, StartDate, EndDate, Status) VALUES (37, 37, 2, '2024-03-25', '2024-06-23', 'Expired');
INSERT INTO Subscriptions (SubscriptionID, MemberID, MembershipTypeID, StartDate, EndDate, Status) VALUES (38, 38, 2, '2024-01-04', '2024-04-03', 'Expired');
INSERT INTO Subscriptions (SubscriptionID, MemberID, MembershipTypeID, StartDate, EndDate, Status) VALUES (39, 39, 2, '2024-02-18', '2024-05-18', 'Expired');
INSERT INTO Subscriptions (SubscriptionID, MemberID, MembershipTypeID, StartDate, EndDate, Status) VALUES (40, 40, 3, '2024-02-24', '2024-08-22', 'Expired');
INSERT INTO Subscriptions (SubscriptionID, MemberID, MembershipTypeID, StartDate, EndDate, Status) VALUES (41, 41, 3, '2024-02-21', '2024-08-19', 'Expired');
INSERT INTO Subscriptions (SubscriptionID, MemberID, MembershipTypeID, StartDate, EndDate, Status) VALUES (42, 42, 2, '2024-05-28', '2024-08-26', 'Expired');
INSERT INTO Subscriptions (SubscriptionID, MemberID, MembershipTypeID, StartDate, EndDate, Status) VALUES (43, 43, 3, '2024-01-10', '2024-07-08', 'Expired');
INSERT INTO Subscriptions (SubscriptionID, MemberID, MembershipTypeID, StartDate, EndDate, Status) VALUES (44, 44, 3, '2024-05-03', '2024-10-30', 'Expired');
INSERT INTO Subscriptions (SubscriptionID, MemberID, MembershipTypeID, StartDate, EndDate, Status) VALUES (45, 45, 2, '2024-04-02', '2024-07-01', 'Expired');
INSERT INTO Subscriptions (SubscriptionID, MemberID, MembershipTypeID, StartDate, EndDate, Status) VALUES (46, 46, 1, '2024-02-08', '2024-03-09', 'Expired');
INSERT INTO Subscriptions (SubscriptionID, MemberID, MembershipTypeID, StartDate, EndDate, Status) VALUES (47, 47, 2, '2024-01-27', '2024-04-26', 'Expired');
INSERT INTO Subscriptions (SubscriptionID, MemberID, MembershipTypeID, StartDate, EndDate, Status) VALUES (48, 48, 1, '2024-02-24', '2024-03-25', 'Expired');
INSERT INTO Subscriptions (SubscriptionID, MemberID, MembershipTypeID, StartDate, EndDate, Status) VALUES (49, 49, 1, '2024-04-01', '2024-05-01', 'Expired');
INSERT INTO Subscriptions (SubscriptionID, MemberID, MembershipTypeID, StartDate, EndDate, Status) VALUES (50, 50, 2, '2024-05-08', '2024-08-06', 'Expired');
INSERT INTO Subscriptions (SubscriptionID, MemberID, MembershipTypeID, StartDate, EndDate, Status) VALUES (51, 51, 2, '2024-04-23', '2024-07-22', 'Expired');
INSERT INTO Subscriptions (SubscriptionID, MemberID, MembershipTypeID, StartDate, EndDate, Status) VALUES (52, 52, 1, '2024-05-23', '2024-06-22', 'Expired');
INSERT INTO Subscriptions (SubscriptionID, MemberID, MembershipTypeID, StartDate, EndDate, Status) VALUES (53, 53, 3, '2024-05-13', '2024-11-09', 'Expired');
INSERT INTO Subscriptions (SubscriptionID, MemberID, MembershipTypeID, StartDate, EndDate, Status) VALUES (54, 54, 1, '2024-01-24', '2024-02-23', 'Expired');
INSERT INTO Subscriptions (SubscriptionID, MemberID, MembershipTypeID, StartDate, EndDate, Status) VALUES (55, 55, 1, '2024-04-27', '2024-05-27', 'Expired');
INSERT INTO Subscriptions (SubscriptionID, MemberID, MembershipTypeID, StartDate, EndDate, Status) VALUES (56, 56, 3, '2024-05-27', '2024-11-23', 'Expired');
INSERT INTO Subscriptions (SubscriptionID, MemberID, MembershipTypeID, StartDate, EndDate, Status) VALUES (57, 57, 2, '2024-02-05', '2024-05-05', 'Expired');
INSERT INTO Subscriptions (SubscriptionID, MemberID, MembershipTypeID, StartDate, EndDate, Status) VALUES (58, 58, 3, '2024-04-18', '2024-10-15', 'Expired');
INSERT INTO Subscriptions (SubscriptionID, MemberID, MembershipTypeID, StartDate, EndDate, Status) VALUES (59, 59, 3, '2024-02-10', '2024-08-08', 'Expired');
INSERT INTO Subscriptions (SubscriptionID, MemberID, MembershipTypeID, StartDate, EndDate, Status) VALUES (60, 60, 3, '2024-01-03', '2024-07-01', 'Expired');
INSERT INTO Subscriptions (SubscriptionID, MemberID, MembershipTypeID, StartDate, EndDate, Status) VALUES (61, 61, 3, '2024-05-13', '2024-11-09', 'Expired');
INSERT INTO Subscriptions (SubscriptionID, MemberID, MembershipTypeID, StartDate, EndDate, Status) VALUES (62, 62, 3, '2024-04-10', '2024-10-07', 'Expired');
INSERT INTO Subscriptions (SubscriptionID, MemberID, MembershipTypeID, StartDate, EndDate, Status) VALUES (63, 63, 1, '2024-05-12', '2024-06-11', 'Expired');
INSERT INTO Subscriptions (SubscriptionID, MemberID, MembershipTypeID, StartDate, EndDate, Status) VALUES (64, 64, 3, '2024-04-15', '2024-10-12', 'Expired');
INSERT INTO Subscriptions (SubscriptionID, MemberID, MembershipTypeID, StartDate, EndDate, Status) VALUES (65, 65, 1, '2024-02-25', '2024-03-26', 'Expired');
INSERT INTO Subscriptions (SubscriptionID, MemberID, MembershipTypeID, StartDate, EndDate, Status) VALUES (66, 66, 1, '2024-03-26', '2024-04-25', 'Expired');
INSERT INTO Subscriptions (SubscriptionID, MemberID, MembershipTypeID, StartDate, EndDate, Status) VALUES (67, 67, 2, '2024-02-12', '2024-05-12', 'Expired');
INSERT INTO Subscriptions (SubscriptionID, MemberID, MembershipTypeID, StartDate, EndDate, Status) VALUES (68, 68, 1, '2024-02-10', '2024-03-11', 'Expired');
INSERT INTO Subscriptions (SubscriptionID, MemberID, MembershipTypeID, StartDate, EndDate, Status) VALUES (69, 69, 2, '2024-04-09', '2024-07-08', 'Expired');
INSERT INTO Subscriptions (SubscriptionID, MemberID, MembershipTypeID, StartDate, EndDate, Status) VALUES (70, 70, 1, '2024-01-21', '2024-02-20', 'Expired');
INSERT INTO Subscriptions (SubscriptionID, MemberID, MembershipTypeID, StartDate, EndDate, Status) VALUES (71, 71, 1, '2024-02-03', '2024-03-04', 'Expired');
INSERT INTO Subscriptions (SubscriptionID, MemberID, MembershipTypeID, StartDate, EndDate, Status) VALUES (72, 72, 2, '2024-01-07', '2024-04-06', 'Expired');
INSERT INTO Subscriptions (SubscriptionID, MemberID, MembershipTypeID, StartDate, EndDate, Status) VALUES (73, 73, 3, '2024-04-16', '2024-10-13', 'Expired');
INSERT INTO Subscriptions (SubscriptionID, MemberID, MembershipTypeID, StartDate, EndDate, Status) VALUES (74, 74, 3, '2024-04-17', '2024-10-14', 'Expired');
INSERT INTO Subscriptions (SubscriptionID, MemberID, MembershipTypeID, StartDate, EndDate, Status) VALUES (75, 75, 2, '2024-05-05', '2024-08-03', 'Expired');
INSERT INTO Subscriptions (SubscriptionID, MemberID, MembershipTypeID, StartDate, EndDate, Status) VALUES (76, 76, 3, '2024-05-02', '2024-10-29', 'Expired');
INSERT INTO Subscriptions (SubscriptionID, MemberID, MembershipTypeID, StartDate, EndDate, Status) VALUES (77, 77, 3, '2024-01-05', '2024-07-03', 'Expired');
INSERT INTO Subscriptions (SubscriptionID, MemberID, MembershipTypeID, StartDate, EndDate, Status) VALUES (78, 78, 1, '2024-04-13', '2024-05-13', 'Expired');
INSERT INTO Subscriptions (SubscriptionID, MemberID, MembershipTypeID, StartDate, EndDate, Status) VALUES (79, 79, 1, '2024-04-17', '2024-05-17', 'Expired');
INSERT INTO Subscriptions (SubscriptionID, MemberID, MembershipTypeID, StartDate, EndDate, Status) VALUES (80, 80, 3, '2024-05-07', '2024-11-03', 'Expired');
INSERT INTO Subscriptions (SubscriptionID, MemberID, MembershipTypeID, StartDate, EndDate, Status) VALUES (81, 81, 1, '2024-03-22', '2024-04-21', 'Expired');
INSERT INTO Subscriptions (SubscriptionID, MemberID, MembershipTypeID, StartDate, EndDate, Status) VALUES (82, 82, 3, '2024-02-03', '2024-08-01', 'Expired');
INSERT INTO Subscriptions (SubscriptionID, MemberID, MembershipTypeID, StartDate, EndDate, Status) VALUES (83, 83, 2, '2024-05-02', '2024-07-31', 'Expired');
INSERT INTO Subscriptions (SubscriptionID, MemberID, MembershipTypeID, StartDate, EndDate, Status) VALUES (84, 84, 1, '2024-01-06', '2024-02-05', 'Expired');
INSERT INTO Subscriptions (SubscriptionID, MemberID, MembershipTypeID, StartDate, EndDate, Status) VALUES (85, 85, 2, '2024-03-07', '2024-06-05', 'Expired');
INSERT INTO Subscriptions (SubscriptionID, MemberID, MembershipTypeID, StartDate, EndDate, Status) VALUES (86, 86, 2, '2024-01-26', '2024-04-25', 'Expired');
INSERT INTO Subscriptions (SubscriptionID, MemberID, MembershipTypeID, StartDate, EndDate, Status) VALUES (87, 87, 1, '2024-05-05', '2024-06-04', 'Expired');
INSERT INTO Subscriptions (SubscriptionID, MemberID, MembershipTypeID, StartDate, EndDate, Status) VALUES (88, 88, 2, '2024-02-27', '2024-05-27', 'Expired');
INSERT INTO Subscriptions (SubscriptionID, MemberID, MembershipTypeID, StartDate, EndDate, Status) VALUES (89, 89, 2, '2024-02-01', '2024-05-01', 'Expired');
INSERT INTO Subscriptions (SubscriptionID, MemberID, MembershipTypeID, StartDate, EndDate, Status) VALUES (90, 90, 3, '2024-04-03', '2024-09-30', 'Expired');
INSERT INTO Subscriptions (SubscriptionID, MemberID, MembershipTypeID, StartDate, EndDate, Status) VALUES (91, 91, 2, '2024-01-21', '2024-04-20', 'Expired');
INSERT INTO Subscriptions (SubscriptionID, MemberID, MembershipTypeID, StartDate, EndDate, Status) VALUES (92, 92, 1, '2024-02-14', '2024-03-15', 'Expired');
INSERT INTO Subscriptions (SubscriptionID, MemberID, MembershipTypeID, StartDate, EndDate, Status) VALUES (93, 93, 1, '2024-02-08', '2024-03-09', 'Expired');
INSERT INTO Subscriptions (SubscriptionID, MemberID, MembershipTypeID, StartDate, EndDate, Status) VALUES (94, 94, 1, '2024-01-16', '2024-02-15', 'Expired');
INSERT INTO Subscriptions (SubscriptionID, MemberID, MembershipTypeID, StartDate, EndDate, Status) VALUES (95, 95, 1, '2024-05-24', '2024-06-23', 'Expired');
INSERT INTO Subscriptions (SubscriptionID, MemberID, MembershipTypeID, StartDate, EndDate, Status) VALUES (96, 96, 2, '2024-05-20', '2024-08-18', 'Expired');
INSERT INTO Subscriptions (SubscriptionID, MemberID, MembershipTypeID, StartDate, EndDate, Status) VALUES (97, 97, 3, '2024-05-28', '2024-11-24', 'Expired');
INSERT INTO Subscriptions (SubscriptionID, MemberID, MembershipTypeID, StartDate, EndDate, Status) VALUES (98, 98, 2, '2024-01-21', '2024-04-20', 'Expired');
INSERT INTO Subscriptions (SubscriptionID, MemberID, MembershipTypeID, StartDate, EndDate, Status) VALUES (99, 99, 2, '2024-04-22', '2024-07-21', 'Expired');
INSERT INTO Subscriptions (SubscriptionID, MemberID, MembershipTypeID, StartDate, EndDate, Status) VALUES (100, 100, 2, '2024-03-07', '2024-06-05', 'Expired');

                                       -- Payments datas
                                       
INSERT INTO Payments (PaymentID, MemberID, Amount, PaymentDate, PaymentMethod) VALUES (1, 1, 1000, '2024-05-02', 'Cash');
INSERT INTO Payments (PaymentID, MemberID, Amount, PaymentDate, PaymentMethod) VALUES (2, 2, 2700, '2024-03-18', 'Cash');
INSERT INTO Payments (PaymentID, MemberID, Amount, PaymentDate, PaymentMethod) VALUES (3, 3, 2700, '2024-04-15', 'UPI');
INSERT INTO Payments (PaymentID, MemberID, Amount, PaymentDate, PaymentMethod) VALUES (4, 4, 5000, '2024-04-16', 'Credit Card');
INSERT INTO Payments (PaymentID, MemberID, Amount, PaymentDate, PaymentMethod) VALUES (5, 5, 2700, '2024-03-18', 'Credit Card');
INSERT INTO Payments (PaymentID, MemberID, Amount, PaymentDate, PaymentMethod) VALUES (6, 6, 2700, '2024-01-26', 'Cash');
INSERT INTO Payments (PaymentID, MemberID, Amount, PaymentDate, PaymentMethod) VALUES (7, 7, 2700, '2024-03-04', 'UPI');
INSERT INTO Payments (PaymentID, MemberID, Amount, PaymentDate, PaymentMethod) VALUES (8, 8, 1000, '2024-04-03', 'UPI');
INSERT INTO Payments (PaymentID, MemberID, Amount, PaymentDate, PaymentMethod) VALUES (9, 9, 1000, '2024-04-26', 'Credit Card');
INSERT INTO Payments (PaymentID, MemberID, Amount, PaymentDate, PaymentMethod) VALUES (10, 10, 5000, '2024-05-21', 'Cash');
INSERT INTO Payments (PaymentID, MemberID, Amount, PaymentDate, PaymentMethod) VALUES (11, 11, 5000, '2024-02-28', 'Cash');
INSERT INTO Payments (PaymentID, MemberID, Amount, PaymentDate, PaymentMethod) VALUES (12, 12, 1000, '2024-04-03', 'UPI');
INSERT INTO Payments (PaymentID, MemberID, Amount, PaymentDate, PaymentMethod) VALUES (13, 13, 5000, '2024-04-09', 'Cash');
INSERT INTO Payments (PaymentID, MemberID, Amount, PaymentDate, PaymentMethod) VALUES (14, 14, 5000, '2024-03-10', 'Cash');
INSERT INTO Payments (PaymentID, MemberID, Amount, PaymentDate, PaymentMethod) VALUES (15, 15, 1000, '2024-05-04', 'Credit Card');
INSERT INTO Payments (PaymentID, MemberID, Amount, PaymentDate, PaymentMethod) VALUES (16, 16, 2700, '2024-05-03', 'Cash');
INSERT INTO Payments (PaymentID, MemberID, Amount, PaymentDate, PaymentMethod) VALUES (17, 17, 5000, '2024-01-22', 'Credit Card');
INSERT INTO Payments (PaymentID, MemberID, Amount, PaymentDate, PaymentMethod) VALUES (18, 18, 2700, '2024-05-02', 'UPI');
INSERT INTO Payments (PaymentID, MemberID, Amount, PaymentDate, PaymentMethod) VALUES (19, 19, 5000, '2024-02-18', 'Credit Card');
INSERT INTO Payments (PaymentID, MemberID, Amount, PaymentDate, PaymentMethod) VALUES (20, 20, 5000, '2024-03-27', 'Credit Card');
INSERT INTO Payments (PaymentID, MemberID, Amount, PaymentDate, PaymentMethod) VALUES (21, 21, 5000, '2024-03-25', 'Credit Card');
INSERT INTO Payments (PaymentID, MemberID, Amount, PaymentDate, PaymentMethod) VALUES (22, 22, 1000, '2024-03-01', 'UPI');
INSERT INTO Payments (PaymentID, MemberID, Amount, PaymentDate, PaymentMethod) VALUES (23, 23, 5000, '2024-02-05', 'UPI');
INSERT INTO Payments (PaymentID, MemberID, Amount, PaymentDate, PaymentMethod) VALUES (24, 24, 2700, '2024-04-24', 'Cash');
INSERT INTO Payments (PaymentID, MemberID, Amount, PaymentDate, PaymentMethod) VALUES (25, 25, 1000, '2024-04-07', 'Credit Card');
INSERT INTO Payments (PaymentID, MemberID, Amount, PaymentDate, PaymentMethod) VALUES (26, 26, 2700, '2024-02-15', 'UPI');
INSERT INTO Payments (PaymentID, MemberID, Amount, PaymentDate, PaymentMethod) VALUES (27, 27, 2700, '2024-02-08', 'Cash');
INSERT INTO Payments (PaymentID, MemberID, Amount, PaymentDate, PaymentMethod) VALUES (28, 28, 5000, '2024-03-18', 'Credit Card');
INSERT INTO Payments (PaymentID, MemberID, Amount, PaymentDate, PaymentMethod) VALUES (29, 29, 1000, '2024-05-26', 'UPI');
INSERT INTO Payments (PaymentID, MemberID, Amount, PaymentDate, PaymentMethod) VALUES (30, 30, 1000, '2024-04-18', 'Credit Card');
INSERT INTO Payments (PaymentID, MemberID, Amount, PaymentDate, PaymentMethod) VALUES (31, 31, 1000, '2024-05-11', 'UPI');
INSERT INTO Payments (PaymentID, MemberID, Amount, PaymentDate, PaymentMethod) VALUES (32, 32, 2700, '2024-02-24', 'Cash');
INSERT INTO Payments (PaymentID, MemberID, Amount, PaymentDate, PaymentMethod) VALUES (33, 33, 1000, '2024-05-09', 'Credit Card');
INSERT INTO Payments (PaymentID, MemberID, Amount, PaymentDate, PaymentMethod) VALUES (34, 34, 2700, '2024-04-17', 'UPI');
INSERT INTO Payments (PaymentID, MemberID, Amount, PaymentDate, PaymentMethod) VALUES (35, 35, 2700, '2024-02-15', 'Credit Card');
INSERT INTO Payments (PaymentID, MemberID, Amount, PaymentDate, PaymentMethod) VALUES (36, 36, 2700, '2024-04-05', 'UPI');
INSERT INTO Payments (PaymentID, MemberID, Amount, PaymentDate, PaymentMethod) VALUES (37, 37, 2700, '2024-03-25', 'UPI');
INSERT INTO Payments (PaymentID, MemberID, Amount, PaymentDate, PaymentMethod) VALUES (38, 38, 2700, '2024-01-04', 'Cash');
INSERT INTO Payments (PaymentID, MemberID, Amount, PaymentDate, PaymentMethod) VALUES (39, 39, 2700, '2024-02-18', 'Cash');
INSERT INTO Payments (PaymentID, MemberID, Amount, PaymentDate, PaymentMethod) VALUES (40, 40, 5000, '2024-02-24', 'Cash');
INSERT INTO Payments (PaymentID, MemberID, Amount, PaymentDate, PaymentMethod) VALUES (41, 41, 5000, '2024-02-21', 'Credit Card');
INSERT INTO Payments (PaymentID, MemberID, Amount, PaymentDate, PaymentMethod) VALUES (42, 42, 2700, '2024-05-28', 'UPI');
INSERT INTO Payments (PaymentID, MemberID, Amount, PaymentDate, PaymentMethod) VALUES (43, 43, 5000, '2024-01-10', 'Cash');
INSERT INTO Payments (PaymentID, MemberID, Amount, PaymentDate, PaymentMethod) VALUES (44, 44, 5000, '2024-05-03', 'UPI');
INSERT INTO Payments (PaymentID, MemberID, Amount, PaymentDate, PaymentMethod) VALUES (45, 45, 2700, '2024-04-02', 'Credit Card');
INSERT INTO Payments (PaymentID, MemberID, Amount, PaymentDate, PaymentMethod) VALUES (46, 46, 1000, '2024-02-08', 'UPI');
INSERT INTO Payments (PaymentID, MemberID, Amount, PaymentDate, PaymentMethod) VALUES (47, 47, 2700, '2024-01-27', 'Cash');
INSERT INTO Payments (PaymentID, MemberID, Amount, PaymentDate, PaymentMethod) VALUES (48, 48, 1000, '2024-02-24', 'Cash');
INSERT INTO Payments (PaymentID, MemberID, Amount, PaymentDate, PaymentMethod) VALUES (49, 49, 1000, '2024-04-01', 'Cash');
INSERT INTO Payments (PaymentID, MemberID, Amount, PaymentDate, PaymentMethod) VALUES (50, 50, 2700, '2024-05-08', 'Credit Card');
INSERT INTO Payments (PaymentID, MemberID, Amount, PaymentDate, PaymentMethod) VALUES (51, 51, 2700, '2024-04-23', 'Cash');
INSERT INTO Payments (PaymentID, MemberID, Amount, PaymentDate, PaymentMethod) VALUES (52, 52, 1000, '2024-05-23', 'UPI');
INSERT INTO Payments (PaymentID, MemberID, Amount, PaymentDate, PaymentMethod) VALUES (53, 53, 5000, '2024-05-13', 'Cash');
INSERT INTO Payments (PaymentID, MemberID, Amount, PaymentDate, PaymentMethod) VALUES (54, 54, 1000, '2024-01-24', 'Credit Card');
INSERT INTO Payments (PaymentID, MemberID, Amount, PaymentDate, PaymentMethod) VALUES (55, 55, 1000, '2024-04-27', 'Credit Card');
INSERT INTO Payments (PaymentID, MemberID, Amount, PaymentDate, PaymentMethod) VALUES (56, 56, 5000, '2024-05-27', 'Cash');
INSERT INTO Payments (PaymentID, MemberID, Amount, PaymentDate, PaymentMethod) VALUES (57, 57, 2700, '2024-02-05', 'Cash');
INSERT INTO Payments (PaymentID, MemberID, Amount, PaymentDate, PaymentMethod) VALUES (58, 58, 5000, '2024-04-18', 'Cash');
INSERT INTO Payments (PaymentID, MemberID, Amount, PaymentDate, PaymentMethod) VALUES (59, 59, 5000, '2024-02-10', 'UPI');
INSERT INTO Payments (PaymentID, MemberID, Amount, PaymentDate, PaymentMethod) VALUES (60, 60, 5000, '2024-01-03', 'Credit Card');
INSERT INTO Payments (PaymentID, MemberID, Amount, PaymentDate, PaymentMethod) VALUES (61, 61, 5000, '2024-05-13', 'Cash');
INSERT INTO Payments (PaymentID, MemberID, Amount, PaymentDate, PaymentMethod) VALUES (62, 62, 5000, '2024-04-10', 'Credit Card');
INSERT INTO Payments (PaymentID, MemberID, Amount, PaymentDate, PaymentMethod) VALUES (63, 63, 1000, '2024-05-12', 'UPI');
INSERT INTO Payments (PaymentID, MemberID, Amount, PaymentDate, PaymentMethod) VALUES (64, 64, 5000, '2024-04-15', 'Credit Card');
INSERT INTO Payments (PaymentID, MemberID, Amount, PaymentDate, PaymentMethod) VALUES (65, 65, 1000, '2024-02-25', 'Cash');
INSERT INTO Payments (PaymentID, MemberID, Amount, PaymentDate, PaymentMethod) VALUES (66, 66, 1000, '2024-03-26', 'UPI');
INSERT INTO Payments (PaymentID, MemberID, Amount, PaymentDate, PaymentMethod) VALUES (67, 67, 2700, '2024-02-12', 'UPI');
INSERT INTO Payments (PaymentID, MemberID, Amount, PaymentDate, PaymentMethod) VALUES (68, 68, 1000, '2024-02-10', 'Credit Card');
INSERT INTO Payments (PaymentID, MemberID, Amount, PaymentDate, PaymentMethod) VALUES (69, 69, 2700, '2024-04-09', 'Credit Card');
INSERT INTO Payments (PaymentID, MemberID, Amount, PaymentDate, PaymentMethod) VALUES (70, 70, 1000, '2024-01-21', 'Cash');
INSERT INTO Payments (PaymentID, MemberID, Amount, PaymentDate, PaymentMethod) VALUES (71, 71, 1000, '2024-02-03', 'UPI');
INSERT INTO Payments (PaymentID, MemberID, Amount, PaymentDate, PaymentMethod) VALUES (72, 72, 2700, '2024-01-07', 'Cash');
INSERT INTO Payments (PaymentID, MemberID, Amount, PaymentDate, PaymentMethod) VALUES (73, 73, 5000, '2024-04-16', 'Cash');
INSERT INTO Payments (PaymentID, MemberID, Amount, PaymentDate, PaymentMethod) VALUES (74, 74, 5000, '2024-04-17', 'UPI');
INSERT INTO Payments (PaymentID, MemberID, Amount, PaymentDate, PaymentMethod) VALUES (75, 75, 2700, '2024-05-05', 'Cash');
INSERT INTO Payments (PaymentID, MemberID, Amount, PaymentDate, PaymentMethod) VALUES (76, 76, 5000, '2024-05-02', 'Credit Card');
INSERT INTO Payments (PaymentID, MemberID, Amount, PaymentDate, PaymentMethod) VALUES (77, 77, 5000, '2024-01-05', 'Cash');
INSERT INTO Payments (PaymentID, MemberID, Amount, PaymentDate, PaymentMethod) VALUES (78, 78, 1000, '2024-04-13', 'Cash');
INSERT INTO Payments (PaymentID, MemberID, Amount, PaymentDate, PaymentMethod) VALUES (79, 79, 1000, '2024-04-17', 'Credit Card');
INSERT INTO Payments (PaymentID, MemberID, Amount, PaymentDate, PaymentMethod) VALUES (80, 80, 5000, '2024-05-07', 'Credit Card');
INSERT INTO Payments (PaymentID, MemberID, Amount, PaymentDate, PaymentMethod) VALUES (81, 81, 1000, '2024-03-22', 'UPI');
INSERT INTO Payments (PaymentID, MemberID, Amount, PaymentDate, PaymentMethod) VALUES (82, 82, 5000, '2024-02-03', 'UPI');
INSERT INTO Payments (PaymentID, MemberID, Amount, PaymentDate, PaymentMethod) VALUES (83, 83, 2700, '2024-05-02', 'UPI');
INSERT INTO Payments (PaymentID, MemberID, Amount, PaymentDate, PaymentMethod) VALUES (84, 84, 1000, '2024-01-06', 'UPI');
INSERT INTO Payments (PaymentID, MemberID, Amount, PaymentDate, PaymentMethod) VALUES (85, 85, 2700, '2024-03-07', 'Cash');
INSERT INTO Payments (PaymentID, MemberID, Amount, PaymentDate, PaymentMethod) VALUES (86, 86, 2700, '2024-01-26', 'Credit Card');
INSERT INTO Payments (PaymentID, MemberID, Amount, PaymentDate, PaymentMethod) VALUES (87, 87, 1000, '2024-05-05', 'Cash');
INSERT INTO Payments (PaymentID, MemberID, Amount, PaymentDate, PaymentMethod) VALUES (88, 88, 2700, '2024-02-27', 'Cash');
INSERT INTO Payments (PaymentID, MemberID, Amount, PaymentDate, PaymentMethod) VALUES (89, 89, 2700, '2024-02-01', 'Cash');
INSERT INTO Payments (PaymentID, MemberID, Amount, PaymentDate, PaymentMethod) VALUES (90, 90, 5000, '2024-04-03', 'UPI');
INSERT INTO Payments (PaymentID, MemberID, Amount, PaymentDate, PaymentMethod) VALUES (91, 91, 2700, '2024-01-21', 'UPI');
INSERT INTO Payments (PaymentID, MemberID, Amount, PaymentDate, PaymentMethod) VALUES (92, 92, 1000, '2024-02-14', 'UPI');
INSERT INTO Payments (PaymentID, MemberID, Amount, PaymentDate, PaymentMethod) VALUES (93, 93, 1000, '2024-02-08', 'Credit Card');
INSERT INTO Payments (PaymentID, MemberID, Amount, PaymentDate, PaymentMethod) VALUES (94, 94, 1000, '2024-01-16', 'Credit Card');
INSERT INTO Payments (PaymentID, MemberID, Amount, PaymentDate, PaymentMethod) VALUES (95, 95, 1000, '2024-05-24', 'UPI');
INSERT INTO Payments (PaymentID, MemberID, Amount, PaymentDate, PaymentMethod) VALUES (96, 96, 2700, '2024-05-20', 'Credit Card');
INSERT INTO Payments (PaymentID, MemberID, Amount, PaymentDate, PaymentMethod) VALUES (97, 97, 5000, '2024-05-28', 'UPI');
INSERT INTO Payments (PaymentID, MemberID, Amount, PaymentDate, PaymentMethod) VALUES (98, 98, 2700, '2024-01-21', 'Credit Card');
INSERT INTO Payments (PaymentID, MemberID, Amount, PaymentDate, PaymentMethod) VALUES (99, 99, 2700, '2024-04-22', 'Credit Card');
INSERT INTO Payments (PaymentID, MemberID, Amount, PaymentDate, PaymentMethod) VALUES (100, 100, 2700, '2024-03-07', 'UPI');
                       
                                     -- Trainers datas
INSERT INTO Trainers (TrainerID, FirstName, LastName, Specialty, HireDate) VALUES (1, 'Ravi', 'Mehta', 'Weight Training', '2023-12-01');
INSERT INTO Trainers (TrainerID, FirstName, LastName, Specialty, HireDate) VALUES (2, 'Anjali', 'Kapoor', 'Yoga', '2024-01-20');

                                   --  TrainerAssignments Datas
INSERT INTO TrainerAssignments (AssignmentID, MemberID, TrainerID, AssignedDate) VALUES (1, 1, 2, '2024-05-02');
INSERT INTO TrainerAssignments (AssignmentID, MemberID, TrainerID, AssignedDate) VALUES (2, 2, 1, '2024-03-18');
INSERT INTO TrainerAssignments (AssignmentID, MemberID, TrainerID, AssignedDate) VALUES (3, 3, 2, '2024-04-15');
INSERT INTO TrainerAssignments (AssignmentID, MemberID, TrainerID, AssignedDate) VALUES (4, 4, 2, '2024-04-16');
INSERT INTO TrainerAssignments (AssignmentID, MemberID, TrainerID, AssignedDate) VALUES (5, 5, 2, '2024-03-18');
INSERT INTO TrainerAssignments (AssignmentID, MemberID, TrainerID, AssignedDate) VALUES (6, 6, 2, '2024-01-26');
INSERT INTO TrainerAssignments (AssignmentID, MemberID, TrainerID, AssignedDate) VALUES (7, 7, 1, '2024-03-04');
INSERT INTO TrainerAssignments (AssignmentID, MemberID, TrainerID, AssignedDate) VALUES (8, 8, 2, '2024-04-03');
INSERT INTO TrainerAssignments (AssignmentID, MemberID, TrainerID, AssignedDate) VALUES (9, 9, 1, '2024-04-26');
INSERT INTO TrainerAssignments (AssignmentID, MemberID, TrainerID, AssignedDate) VALUES (10, 10, 1, '2024-05-21');
INSERT INTO TrainerAssignments (AssignmentID, MemberID, TrainerID, AssignedDate) VALUES (11, 11, 2, '2024-02-28');
INSERT INTO TrainerAssignments (AssignmentID, MemberID, TrainerID, AssignedDate) VALUES (12, 12, 1, '2024-04-03');
INSERT INTO TrainerAssignments (AssignmentID, MemberID, TrainerID, AssignedDate) VALUES (13, 13, 1, '2024-04-09');
INSERT INTO TrainerAssignments (AssignmentID, MemberID, TrainerID, AssignedDate) VALUES (14, 14, 2, '2024-03-10');
INSERT INTO TrainerAssignments (AssignmentID, MemberID, TrainerID, AssignedDate) VALUES (15, 15, 1, '2024-05-04');
INSERT INTO TrainerAssignments (AssignmentID, MemberID, TrainerID, AssignedDate) VALUES (16, 16, 1, '2024-05-03');
INSERT INTO TrainerAssignments (AssignmentID, MemberID, TrainerID, AssignedDate) VALUES (17, 17, 2, '2024-01-22');
INSERT INTO TrainerAssignments (AssignmentID, MemberID, TrainerID, AssignedDate) VALUES (18, 18, 2, '2024-05-02');
INSERT INTO TrainerAssignments (AssignmentID, MemberID, TrainerID, AssignedDate) VALUES (19, 19, 2, '2024-02-18');
INSERT INTO TrainerAssignments (AssignmentID, MemberID, TrainerID, AssignedDate) VALUES (20, 20, 1, '2024-03-27');
INSERT INTO TrainerAssignments (AssignmentID, MemberID, TrainerID, AssignedDate) VALUES (21, 21, 2, '2024-03-25');
INSERT INTO TrainerAssignments (AssignmentID, MemberID, TrainerID, AssignedDate) VALUES (22, 22, 1, '2024-03-01');
INSERT INTO TrainerAssignments (AssignmentID, MemberID, TrainerID, AssignedDate) VALUES (23, 23, 2, '2024-02-05');
INSERT INTO TrainerAssignments (AssignmentID, MemberID, TrainerID, AssignedDate) VALUES (24, 24, 1, '2024-04-24');
INSERT INTO TrainerAssignments (AssignmentID, MemberID, TrainerID, AssignedDate) VALUES (25, 25, 1, '2024-04-07');
INSERT INTO TrainerAssignments (AssignmentID, MemberID, TrainerID, AssignedDate) VALUES (26, 26, 2, '2024-02-15');
INSERT INTO TrainerAssignments (AssignmentID, MemberID, TrainerID, AssignedDate) VALUES (27, 27, 2, '2024-02-08');
INSERT INTO TrainerAssignments (AssignmentID, MemberID, TrainerID, AssignedDate) VALUES (28, 28, 2, '2024-03-18');
INSERT INTO TrainerAssignments (AssignmentID, MemberID, TrainerID, AssignedDate) VALUES (29, 29, 2, '2024-05-26');
INSERT INTO TrainerAssignments (AssignmentID, MemberID, TrainerID, AssignedDate) VALUES (30, 30, 2, '2024-04-18');
INSERT INTO TrainerAssignments (AssignmentID, MemberID, TrainerID, AssignedDate) VALUES (31, 31, 2, '2024-05-11');
INSERT INTO TrainerAssignments (AssignmentID, MemberID, TrainerID, AssignedDate) VALUES (32, 32, 1, '2024-02-24');
INSERT INTO TrainerAssignments (AssignmentID, MemberID, TrainerID, AssignedDate) VALUES (33, 33, 1, '2024-05-09');
INSERT INTO TrainerAssignments (AssignmentID, MemberID, TrainerID, AssignedDate) VALUES (34, 34, 1, '2024-04-17');
INSERT INTO TrainerAssignments (AssignmentID, MemberID, TrainerID, AssignedDate) VALUES (35, 35, 1, '2024-02-15');
INSERT INTO TrainerAssignments (AssignmentID, MemberID, TrainerID, AssignedDate) VALUES (36, 36, 2, '2024-04-05');
INSERT INTO TrainerAssignments (AssignmentID, MemberID, TrainerID, AssignedDate) VALUES (37, 37, 1, '2024-03-25');
INSERT INTO TrainerAssignments (AssignmentID, MemberID, TrainerID, AssignedDate) VALUES (38, 38, 1, '2024-01-04');
INSERT INTO TrainerAssignments (AssignmentID, MemberID, TrainerID, AssignedDate) VALUES (39, 39, 2, '2024-02-18');
INSERT INTO TrainerAssignments (AssignmentID, MemberID, TrainerID, AssignedDate) VALUES (40, 40, 2, '2024-02-24');
INSERT INTO TrainerAssignments (AssignmentID, MemberID, TrainerID, AssignedDate) VALUES (41, 41, 1, '2024-02-21');
INSERT INTO TrainerAssignments (AssignmentID, MemberID, TrainerID, AssignedDate) VALUES (42, 42, 2, '2024-05-28');
INSERT INTO TrainerAssignments (AssignmentID, MemberID, TrainerID, AssignedDate) VALUES (43, 43, 1, '2024-01-10');
INSERT INTO TrainerAssignments (AssignmentID, MemberID, TrainerID, AssignedDate) VALUES (44, 44, 1, '2024-05-03');
INSERT INTO TrainerAssignments (AssignmentID, MemberID, TrainerID, AssignedDate) VALUES (45, 45, 2, '2024-04-02');
INSERT INTO TrainerAssignments (AssignmentID, MemberID, TrainerID, AssignedDate) VALUES (46, 46, 1, '2024-02-08');
INSERT INTO TrainerAssignments (AssignmentID, MemberID, TrainerID, AssignedDate) VALUES (47, 47, 2, '2024-01-27');
INSERT INTO TrainerAssignments (AssignmentID, MemberID, TrainerID, AssignedDate) VALUES (48, 48, 2, '2024-02-24');
INSERT INTO TrainerAssignments (AssignmentID, MemberID, TrainerID, AssignedDate) VALUES (49, 49, 1, '2024-04-01');
INSERT INTO TrainerAssignments (AssignmentID, MemberID, TrainerID, AssignedDate) VALUES (50, 50, 2, '2024-05-08');
INSERT INTO TrainerAssignments (AssignmentID, MemberID, TrainerID, AssignedDate) VALUES (51, 51, 2, '2024-04-23');
INSERT INTO TrainerAssignments (AssignmentID, MemberID, TrainerID, AssignedDate) VALUES (52, 52, 1, '2024-05-23');
INSERT INTO TrainerAssignments (AssignmentID, MemberID, TrainerID, AssignedDate) VALUES (53, 53, 1, '2024-05-13');
INSERT INTO TrainerAssignments (AssignmentID, MemberID, TrainerID, AssignedDate) VALUES (54, 54, 2, '2024-01-24');
INSERT INTO TrainerAssignments (AssignmentID, MemberID, TrainerID, AssignedDate) VALUES (55, 55, 2, '2024-04-27');
INSERT INTO TrainerAssignments (AssignmentID, MemberID, TrainerID, AssignedDate) VALUES (56, 56, 2, '2024-05-27');
INSERT INTO TrainerAssignments (AssignmentID, MemberID, TrainerID, AssignedDate) VALUES (57, 57, 1, '2024-02-05');
INSERT INTO TrainerAssignments (AssignmentID, MemberID, TrainerID, AssignedDate) VALUES (58, 58, 2, '2024-04-18');
INSERT INTO TrainerAssignments (AssignmentID, MemberID, TrainerID, AssignedDate) VALUES (59, 59, 2, '2024-02-10');
INSERT INTO TrainerAssignments (AssignmentID, MemberID, TrainerID, AssignedDate) VALUES (60, 60, 1, '2024-01-03');
INSERT INTO TrainerAssignments (AssignmentID, MemberID, TrainerID, AssignedDate) VALUES (61, 61, 2, '2024-05-13');
INSERT INTO TrainerAssignments (AssignmentID, MemberID, TrainerID, AssignedDate) VALUES (62, 62, 1, '2024-04-10');
INSERT INTO TrainerAssignments (AssignmentID, MemberID, TrainerID, AssignedDate) VALUES (63, 63, 1, '2024-05-12');
INSERT INTO TrainerAssignments (AssignmentID, MemberID, TrainerID, AssignedDate) VALUES (64, 64, 2, '2024-04-15');
INSERT INTO TrainerAssignments (AssignmentID, MemberID, TrainerID, AssignedDate) VALUES (65, 65, 1, '2024-02-25');
INSERT INTO TrainerAssignments (AssignmentID, MemberID, TrainerID, AssignedDate) VALUES (66, 66, 2, '2024-03-26');
INSERT INTO TrainerAssignments (AssignmentID, MemberID, TrainerID, AssignedDate) VALUES (67, 67, 2, '2024-02-12');
INSERT INTO TrainerAssignments (AssignmentID, MemberID, TrainerID, AssignedDate) VALUES (68, 68, 2, '2024-02-10');
INSERT INTO TrainerAssignments (AssignmentID, MemberID, TrainerID, AssignedDate) VALUES (69, 69, 2, '2024-04-09');
INSERT INTO TrainerAssignments (AssignmentID, MemberID, TrainerID, AssignedDate) VALUES (70, 70, 2, '2024-01-21');
INSERT INTO TrainerAssignments (AssignmentID, MemberID, TrainerID, AssignedDate) VALUES (71, 71, 2, '2024-02-03');
INSERT INTO TrainerAssignments (AssignmentID, MemberID, TrainerID, AssignedDate) VALUES (72, 72, 1, '2024-01-07');
INSERT INTO TrainerAssignments (AssignmentID, MemberID, TrainerID, AssignedDate) VALUES (73, 73, 1, '2024-04-16');
INSERT INTO TrainerAssignments (AssignmentID, MemberID, TrainerID, AssignedDate) VALUES (74, 74, 1, '2024-04-17');
INSERT INTO TrainerAssignments (AssignmentID, MemberID, TrainerID, AssignedDate) VALUES (75, 75, 1, '2024-05-05');
INSERT INTO TrainerAssignments (AssignmentID, MemberID, TrainerID, AssignedDate) VALUES (76, 76, 1, '2024-05-02');
INSERT INTO TrainerAssignments (AssignmentID, MemberID, TrainerID, AssignedDate) VALUES (77, 77, 1, '2024-01-05');
INSERT INTO TrainerAssignments (AssignmentID, MemberID, TrainerID, AssignedDate) VALUES (78, 78, 2, '2024-04-13');
INSERT INTO TrainerAssignments (AssignmentID, MemberID, TrainerID, AssignedDate) VALUES (79, 79, 1, '2024-04-17');
INSERT INTO TrainerAssignments (AssignmentID, MemberID, TrainerID, AssignedDate) VALUES (80, 80, 1, '2024-05-07');
INSERT INTO TrainerAssignments (AssignmentID, MemberID, TrainerID, AssignedDate) VALUES (81, 81, 2, '2024-03-22');
INSERT INTO TrainerAssignments (AssignmentID, MemberID, TrainerID, AssignedDate) VALUES (82, 82, 2, '2024-02-03');
INSERT INTO TrainerAssignments (AssignmentID, MemberID, TrainerID, AssignedDate) VALUES (83, 83, 2, '2024-05-02');
INSERT INTO TrainerAssignments (AssignmentID, MemberID, TrainerID, AssignedDate) VALUES (84, 84, 2, '2024-01-06');
INSERT INTO TrainerAssignments (AssignmentID, MemberID, TrainerID, AssignedDate) VALUES (85, 85, 1, '2024-03-07');
INSERT INTO TrainerAssignments (AssignmentID, MemberID, TrainerID, AssignedDate) VALUES (86, 86, 1, '2024-01-26');
INSERT INTO TrainerAssignments (AssignmentID, MemberID, TrainerID, AssignedDate) VALUES (87, 87, 1, '2024-05-05');
INSERT INTO TrainerAssignments (AssignmentID, MemberID, TrainerID, AssignedDate) VALUES (88, 88, 1, '2024-02-27');
INSERT INTO TrainerAssignments (AssignmentID, MemberID, TrainerID, AssignedDate) VALUES (89, 89, 2, '2024-02-01');
INSERT INTO TrainerAssignments (AssignmentID, MemberID, TrainerID, AssignedDate) VALUES (90, 90, 2, '2024-04-03');
INSERT INTO TrainerAssignments (AssignmentID, MemberID, TrainerID, AssignedDate) VALUES (91, 91, 1, '2024-01-21');
INSERT INTO TrainerAssignments (AssignmentID, MemberID, TrainerID, AssignedDate) VALUES (92, 92, 1, '2024-02-14');
INSERT INTO TrainerAssignments (AssignmentID, MemberID, TrainerID, AssignedDate) VALUES (93, 93, 2, '2024-02-08');
INSERT INTO TrainerAssignments (AssignmentID, MemberID, TrainerID, AssignedDate) VALUES (94, 94, 2, '2024-01-16');
INSERT INTO TrainerAssignments (AssignmentID, MemberID, TrainerID, AssignedDate) VALUES (95, 95, 1, '2024-05-24');
INSERT INTO TrainerAssignments (AssignmentID, MemberID, TrainerID, AssignedDate) VALUES (96, 96, 2, '2024-05-20');
INSERT INTO TrainerAssignments (AssignmentID, MemberID, TrainerID, AssignedDate) VALUES (97, 97, 1, '2024-05-28');
INSERT INTO TrainerAssignments (AssignmentID, MemberID, TrainerID, AssignedDate) VALUES (98, 98, 2, '2024-01-21');
INSERT INTO TrainerAssignments (AssignmentID, MemberID, TrainerID, AssignedDate) VALUES (99, 99, 1, '2024-04-22');
INSERT INTO TrainerAssignments (AssignmentID, MemberID, TrainerID, AssignedDate) VALUES (100, 100, 2, '2024-03-07');


                                    --  Attendance Details
INSERT INTO Attendance (AttendanceID, MemberID, Date, CheckInTime, CheckOutTime) VALUES (1, 98, '2024-05-01', '6:21', '9:42');
INSERT INTO Attendance (AttendanceID, MemberID, Date, CheckInTime, CheckOutTime) VALUES (2, 7, '2024-05-25', '6:38', '10:29');
INSERT INTO Attendance (AttendanceID, MemberID, Date, CheckInTime, CheckOutTime) VALUES (3, 97, '2024-05-11', '6:34', '10:18');
INSERT INTO Attendance (AttendanceID, MemberID, Date, CheckInTime, CheckOutTime) VALUES (4, 31, '2024-05-19', '7:37', '10:59');
INSERT INTO Attendance (AttendanceID, MemberID, Date, CheckInTime, CheckOutTime) VALUES (5, 32, '2024-05-09', '7:48', '10:23');
INSERT INTO Attendance (AttendanceID, MemberID, Date, CheckInTime, CheckOutTime) VALUES (6, 89, '2024-05-15', '8:29', '9:13');
INSERT INTO Attendance (AttendanceID, MemberID, Date, CheckInTime, CheckOutTime) VALUES (7, 5, '2024-05-24', '8:46', '9:47');
INSERT INTO Attendance (AttendanceID, MemberID, Date, CheckInTime, CheckOutTime) VALUES (8, 42, '2024-05-09', '6:11', '9:33');
INSERT INTO Attendance (AttendanceID, MemberID, Date, CheckInTime, CheckOutTime) VALUES (9, 100, '2024-05-17', '7:15', '10:17');
INSERT INTO Attendance (AttendanceID, MemberID, Date, CheckInTime, CheckOutTime) VALUES (10, 51, '2024-05-19', '8:18', '9:52');
INSERT INTO Attendance (AttendanceID, MemberID, Date, CheckInTime, CheckOutTime) VALUES (11, 4, '2024-05-11', '7:47', '9:25');
INSERT INTO Attendance (AttendanceID, MemberID, Date, CheckInTime, CheckOutTime) VALUES (12, 32, '2024-05-26', '8:38', '9:53');
INSERT INTO Attendance (AttendanceID, MemberID, Date, CheckInTime, CheckOutTime) VALUES (13, 36, '2024-05-28', '6:42', '10:04');
INSERT INTO Attendance (AttendanceID, MemberID, Date, CheckInTime, CheckOutTime) VALUES (14, 20, '2024-05-25', '8:49', '9:55');
INSERT INTO Attendance (AttendanceID, MemberID, Date, CheckInTime, CheckOutTime) VALUES (15, 65, '2024-05-11', '7:22', '10:34');
INSERT INTO Attendance (AttendanceID, MemberID, Date, CheckInTime, CheckOutTime) VALUES (16, 47, '2024-05-25', '6:15', '9:11');
INSERT INTO Attendance (AttendanceID, MemberID, Date, CheckInTime, CheckOutTime) VALUES (17, 30, '2024-05-11', '8:15', '9:33');
INSERT INTO Attendance (AttendanceID, MemberID, Date, CheckInTime, CheckOutTime) VALUES (18, 25, '2024-05-26', '6:02', '9:27');
INSERT INTO Attendance (AttendanceID, MemberID, Date, CheckInTime, CheckOutTime) VALUES (19, 18, '2024-05-03', '7:55', '9:03');
INSERT INTO Attendance (AttendanceID, MemberID, Date, CheckInTime, CheckOutTime) VALUES (20, 64, '2024-05-24', '7:48', '10:04');
INSERT INTO Attendance (AttendanceID, MemberID, Date, CheckInTime, CheckOutTime) VALUES (21, 95, '2024-05-22', '8:46', '9:57');
INSERT INTO Attendance (AttendanceID, MemberID, Date, CheckInTime, CheckOutTime) VALUES (22, 13, '2024-05-03', '7:54', '10:57');
INSERT INTO Attendance (AttendanceID, MemberID, Date, CheckInTime, CheckOutTime) VALUES (23, 54, '2024-05-08', '6:44', '10:34');
INSERT INTO Attendance (AttendanceID, MemberID, Date, CheckInTime, CheckOutTime) VALUES (24, 27, '2024-05-20', '6:23', '10:08');
INSERT INTO Attendance (AttendanceID, MemberID, Date, CheckInTime, CheckOutTime) VALUES (25, 90, '2024-05-26', '6:24', '10:18');
INSERT INTO Attendance (AttendanceID, MemberID, Date, CheckInTime, CheckOutTime) VALUES (26, 86, '2024-05-09', '6:58', '10:25');
INSERT INTO Attendance (AttendanceID, MemberID, Date, CheckInTime, CheckOutTime) VALUES (27, 5, '2024-05-24', '7:49', '9:14');
INSERT INTO Attendance (AttendanceID, MemberID, Date, CheckInTime, CheckOutTime) VALUES (28, 59, '2024-05-22', '6:04', '10:45');
INSERT INTO Attendance (AttendanceID, MemberID, Date, CheckInTime, CheckOutTime) VALUES (29, 44, '2024-05-09', '8:33', '10:04');
INSERT INTO Attendance (AttendanceID, MemberID, Date, CheckInTime, CheckOutTime) VALUES (30, 56, '2024-05-23', '6:45', '10:25');
INSERT INTO Attendance (AttendanceID, MemberID, Date, CheckInTime, CheckOutTime) VALUES (31, 6, '2024-05-27', '6:27', '9:07');
INSERT INTO Attendance (AttendanceID, MemberID, Date, CheckInTime, CheckOutTime) VALUES (32, 56, '2024-05-06', '7:48', '10:08');
INSERT INTO Attendance (AttendanceID, MemberID, Date, CheckInTime, CheckOutTime) VALUES (33, 64, '2024-05-03', '7:49', '9:13');
INSERT INTO Attendance (AttendanceID, MemberID, Date, CheckInTime, CheckOutTime) VALUES (34, 66, '2024-05-16', '7:06', '10:46');
INSERT INTO Attendance (AttendanceID, MemberID, Date, CheckInTime, CheckOutTime) VALUES (35, 65, '2024-05-18', '7:31', '10:47');
INSERT INTO Attendance (AttendanceID, MemberID, Date, CheckInTime, CheckOutTime) VALUES (36, 52, '2024-05-01', '6:22', '10:01');
INSERT INTO Attendance (AttendanceID, MemberID, Date, CheckInTime, CheckOutTime) VALUES (37, 14, '2024-05-12', '6:56', '10:36');
INSERT INTO Attendance (AttendanceID, MemberID, Date, CheckInTime, CheckOutTime) VALUES (38, 92, '2024-05-23', '7:00', '9:42');
INSERT INTO Attendance (AttendanceID, MemberID, Date, CheckInTime, CheckOutTime) VALUES (39, 47, '2024-05-20', '6:20', '9:55');
INSERT INTO Attendance (AttendanceID, MemberID, Date, CheckInTime, CheckOutTime) VALUES (40, 21, '2024-05-10', '7:27', '9:16');
INSERT INTO Attendance (AttendanceID, MemberID, Date, CheckInTime, CheckOutTime) VALUES (41, 53, '2024-05-28', '6:10', '10:26');
INSERT INTO Attendance (AttendanceID, MemberID, Date, CheckInTime, CheckOutTime) VALUES (42, 82, '2024-05-06', '6:48', '9:38');
INSERT INTO Attendance (AttendanceID, MemberID, Date, CheckInTime, CheckOutTime) VALUES (43, 96, '2024-05-01', '6:20', '9:38');
INSERT INTO Attendance (AttendanceID, MemberID, Date, CheckInTime, CheckOutTime) VALUES (44, 23, '2024-05-03', '7:38', '10:21');
INSERT INTO Attendance (AttendanceID, MemberID, Date, CheckInTime, CheckOutTime) VALUES (45, 53, '2024-05-05', '6:57', '10:11');
INSERT INTO Attendance (AttendanceID, MemberID, Date, CheckInTime, CheckOutTime) VALUES (46, 22, '2024-05-01', '7:21', '10:51');
INSERT INTO Attendance (AttendanceID, MemberID, Date, CheckInTime, CheckOutTime) VALUES (47, 34, '2024-05-22', '8:39', '9:57');
INSERT INTO Attendance (AttendanceID, MemberID, Date, CheckInTime, CheckOutTime) VALUES (48, 19, '2024-05-27', '7:43', '10:56');
INSERT INTO Attendance (AttendanceID, MemberID, Date, CheckInTime, CheckOutTime) VALUES (49, 89, '2024-05-06', '7:32', '10:04');
INSERT INTO Attendance (AttendanceID, MemberID, Date, CheckInTime, CheckOutTime) VALUES (50, 45, '2024-05-23', '6:29', '10:03');
INSERT INTO Attendance (AttendanceID, MemberID, Date, CheckInTime, CheckOutTime) VALUES (51, 80, '2024-05-26', '6:54', '9:19');
INSERT INTO Attendance (AttendanceID, MemberID, Date, CheckInTime, CheckOutTime) VALUES (52, 74, '2024-05-12', '7:04', '9:39');
INSERT INTO Attendance (AttendanceID, MemberID, Date, CheckInTime, CheckOutTime) VALUES (53, 23, '2024-05-09', '8:30', '10:09');
INSERT INTO Attendance (AttendanceID, MemberID, Date, CheckInTime, CheckOutTime) VALUES (54, 63, '2024-05-25', '7:41', '9:24');
INSERT INTO Attendance (AttendanceID, MemberID, Date, CheckInTime, CheckOutTime) VALUES (55, 34, '2024-05-11', '7:47', '9:47');
INSERT INTO Attendance (AttendanceID, MemberID, Date, CheckInTime, CheckOutTime) VALUES (56, 48, '2024-05-11', '8:03', '10:24');
INSERT INTO Attendance (AttendanceID, MemberID, Date, CheckInTime, CheckOutTime) VALUES (57, 8, '2024-05-19', '7:53', '9:13');
INSERT INTO Attendance (AttendanceID, MemberID, Date, CheckInTime, CheckOutTime) VALUES (58, 73, '2024-05-23', '6:51', '10:37');
INSERT INTO Attendance (AttendanceID, MemberID, Date, CheckInTime, CheckOutTime) VALUES (59, 16, '2024-05-05', '6:46', '9:43');
INSERT INTO Attendance (AttendanceID, MemberID, Date, CheckInTime, CheckOutTime) VALUES (60, 86, '2024-05-11', '7:48', '9:29');
INSERT INTO Attendance (AttendanceID, MemberID, Date, CheckInTime, CheckOutTime) VALUES (61, 97, '2024-05-25', '8:18', '10:25');
INSERT INTO Attendance (AttendanceID, MemberID, Date, CheckInTime, CheckOutTime) VALUES (62, 26, '2024-05-19', '6:36', '9:52');
INSERT INTO Attendance (AttendanceID, MemberID, Date, CheckInTime, CheckOutTime) VALUES (63, 5, '2024-05-23', '8:32', '10:53');
INSERT INTO Attendance (AttendanceID, MemberID, Date, CheckInTime, CheckOutTime) VALUES (64, 77, '2024-05-15', '7:33', '9:04');
INSERT INTO Attendance (AttendanceID, MemberID, Date, CheckInTime, CheckOutTime) VALUES (65, 69, '2024-05-24', '8:29', '9:28');
INSERT INTO Attendance (AttendanceID, MemberID, Date, CheckInTime, CheckOutTime) VALUES (66, 27, '2024-05-19', '7:22', '9:44');
INSERT INTO Attendance (AttendanceID, MemberID, Date, CheckInTime, CheckOutTime) VALUES (67, 91, '2024-05-26', '7:57', '9:26');
INSERT INTO Attendance (AttendanceID, MemberID, Date, CheckInTime, CheckOutTime) VALUES (68, 91, '2024-05-09', '7:28', '10:20');
INSERT INTO Attendance (AttendanceID, MemberID, Date, CheckInTime, CheckOutTime) VALUES (69, 52, '2024-05-20', '8:33', '10:33');
INSERT INTO Attendance (AttendanceID, MemberID, Date, CheckInTime, CheckOutTime) VALUES (70, 62, '2024-05-21', '6:48', '9:04');
INSERT INTO Attendance (AttendanceID, MemberID, Date, CheckInTime, CheckOutTime) VALUES (71, 72, '2024-05-25', '8:16', '9:14');
INSERT INTO Attendance (AttendanceID, MemberID, Date, CheckInTime, CheckOutTime) VALUES (72, 97, '2024-05-11', '6:27', '10:40');
INSERT INTO Attendance (AttendanceID, MemberID, Date, CheckInTime, CheckOutTime) VALUES (73, 72, '2024-05-25', '6:53', '9:08');
INSERT INTO Attendance (AttendanceID, MemberID, Date, CheckInTime, CheckOutTime) VALUES (74, 48, '2024-05-08', '8:35', '9:03');
INSERT INTO Attendance (AttendanceID, MemberID, Date, CheckInTime, CheckOutTime) VALUES (75, 84, '2024-05-05', '7:33', '9:39');
INSERT INTO Attendance (AttendanceID, MemberID, Date, CheckInTime, CheckOutTime) VALUES (76, 45, '2024-05-18', '7:46', '9:21');
INSERT INTO Attendance (AttendanceID, MemberID, Date, CheckInTime, CheckOutTime) VALUES (77, 52, '2024-05-25', '6:47', '9:34');
INSERT INTO Attendance (AttendanceID, MemberID, Date, CheckInTime, CheckOutTime) VALUES (78, 43, '2024-05-20', '6:01', '10:41');
INSERT INTO Attendance (AttendanceID, MemberID, Date, CheckInTime, CheckOutTime) VALUES (79, 62, '2024-05-23', '8:51', '9:22');
INSERT INTO Attendance (AttendanceID, MemberID, Date, CheckInTime, CheckOutTime) VALUES (80, 56, '2024-05-14', '8:35', '10:59');
INSERT INTO Attendance (AttendanceID, MemberID, Date, CheckInTime, CheckOutTime) VALUES (81, 6, '2024-05-20', '6:00', '10:38');
INSERT INTO Attendance (AttendanceID, MemberID, Date, CheckInTime, CheckOutTime) VALUES (82, 46, '2024-05-12', '8:51', '10:52');
INSERT INTO Attendance (AttendanceID, MemberID, Date, CheckInTime, CheckOutTime) VALUES (83, 22, '2024-05-08', '6:25', '9:36');
INSERT INTO Attendance (AttendanceID, MemberID, Date, CheckInTime, CheckOutTime) VALUES (84, 24, '2024-05-25', '8:53', '10:01');
INSERT INTO Attendance (AttendanceID, MemberID, Date, CheckInTime, CheckOutTime) VALUES (85, 96, '2024-05-13', '7:17', '10:16');
INSERT INTO Attendance (AttendanceID, MemberID, Date, CheckInTime, CheckOutTime) VALUES (86, 41, '2024-05-05', '8:36', '9:22');
INSERT INTO Attendance (AttendanceID, MemberID, Date, CheckInTime, CheckOutTime) VALUES (87, 39, '2024-05-04', '7:12', '9:59');
INSERT INTO Attendance (AttendanceID, MemberID, Date, CheckInTime, CheckOutTime) VALUES (88, 49, '2024-05-15', '7:38', '10:54');
INSERT INTO Attendance (AttendanceID, MemberID, Date, CheckInTime, CheckOutTime) VALUES (89, 58, '2024-05-04', '7:57', '9:58');
INSERT INTO Attendance (AttendanceID, MemberID, Date, CheckInTime, CheckOutTime) VALUES (90, 64, '2024-05-07', '6:29', '9:26');
INSERT INTO Attendance (AttendanceID, MemberID, Date, CheckInTime, CheckOutTime) VALUES (91, 8, '2024-05-09', '6:33', '10:07');
INSERT INTO Attendance (AttendanceID, MemberID, Date, CheckInTime, CheckOutTime) VALUES (92, 13, '2024-05-03', '8:00', '10:37');
INSERT INTO Attendance (AttendanceID, MemberID, Date, CheckInTime, CheckOutTime) VALUES (93, 99, '2024-05-04', '6:15', '9:29');
INSERT INTO Attendance (AttendanceID, MemberID, Date, CheckInTime, CheckOutTime) VALUES (94, 77, '2024-05-11', '8:52', '10:57');
INSERT INTO Attendance (AttendanceID, MemberID, Date, CheckInTime, CheckOutTime) VALUES (95, 54, '2024-05-05', '6:19', '10:48');
INSERT INTO Attendance (AttendanceID, MemberID, Date, CheckInTime, CheckOutTime) VALUES (96, 35, '2024-05-05', '8:42', '9:40');
INSERT INTO Attendance (AttendanceID, MemberID, Date, CheckInTime, CheckOutTime) VALUES (97, 27, '2024-05-17', '7:27', '9:24');
INSERT INTO Attendance (AttendanceID, MemberID, Date, CheckInTime, CheckOutTime) VALUES (98, 18, '2024-05-09', '8:58', '10:41');
INSERT INTO Attendance (AttendanceID, MemberID, Date, CheckInTime, CheckOutTime) VALUES (99, 98, '2024-05-14', '7:44', '9:07');
INSERT INTO Attendance (AttendanceID, MemberID, Date, CheckInTime, CheckOutTime) VALUES (100, 9, '2024-05-17', '7:05', '10:42');
INSERT INTO Attendance (AttendanceID, MemberID, Date, CheckInTime, CheckOutTime) VALUES (101, 46, '2024-05-25', '8:15', '9:16');
INSERT INTO Attendance (AttendanceID, MemberID, Date, CheckInTime, CheckOutTime) VALUES (102, 24, '2024-05-05', '7:30', '10:27');
INSERT INTO Attendance (AttendanceID, MemberID, Date, CheckInTime, CheckOutTime) VALUES (103, 50, '2024-05-18', '7:03', '9:35');
INSERT INTO Attendance (AttendanceID, MemberID, Date, CheckInTime, CheckOutTime) VALUES (104, 14, '2024-05-24', '8:38', '9:49');
INSERT INTO Attendance (AttendanceID, MemberID, Date, CheckInTime, CheckOutTime) VALUES (105, 66, '2024-05-24', '6:11', '9:58');
INSERT INTO Attendance (AttendanceID, MemberID, Date, CheckInTime, CheckOutTime) VALUES (106, 89, '2024-05-19', '8:45', '9:31');
INSERT INTO Attendance (AttendanceID, MemberID, Date, CheckInTime, CheckOutTime) VALUES (107, 96, '2024-05-13', '6:24', '9:23');
INSERT INTO Attendance (AttendanceID, MemberID, Date, CheckInTime, CheckOutTime) VALUES (108, 22, '2024-05-01', '8:59', '10:51');
INSERT INTO Attendance (AttendanceID, MemberID, Date, CheckInTime, CheckOutTime) VALUES (109, 42, '2024-05-24', '8:15', '10:03');
INSERT INTO Attendance (AttendanceID, MemberID, Date, CheckInTime, CheckOutTime) VALUES (110, 58, '2024-05-02', '6:40', '9:43');
INSERT INTO Attendance (AttendanceID, MemberID, Date, CheckInTime, CheckOutTime) VALUES (111, 57, '2024-05-22', '6:55', '9:07');
INSERT INTO Attendance (AttendanceID, MemberID, Date, CheckInTime, CheckOutTime) VALUES (112, 22, '2024-05-21', '6:43', '9:56');
INSERT INTO Attendance (AttendanceID, MemberID, Date, CheckInTime, CheckOutTime) VALUES (113, 76, '2024-05-07', '8:12', '10:10');
INSERT INTO Attendance (AttendanceID, MemberID, Date, CheckInTime, CheckOutTime) VALUES (114, 50, '2024-05-16', '7:55', '10:45');
INSERT INTO Attendance (AttendanceID, MemberID, Date, CheckInTime, CheckOutTime) VALUES (115, 43, '2024-05-24', '6:33', '9:02');
INSERT INTO Attendance (AttendanceID, MemberID, Date, CheckInTime, CheckOutTime) VALUES (116, 17, '2024-05-15', '6:31', '9:47');
INSERT INTO Attendance (AttendanceID, MemberID, Date, CheckInTime, CheckOutTime) VALUES (117, 10, '2024-05-28', '7:40', '9:56');
INSERT INTO Attendance (AttendanceID, MemberID, Date, CheckInTime, CheckOutTime) VALUES (118, 75, '2024-05-23', '7:49', '9:50');
INSERT INTO Attendance (AttendanceID, MemberID, Date, CheckInTime, CheckOutTime) VALUES (119, 76, '2024-05-08', '7:50', '10:35');
INSERT INTO Attendance (AttendanceID, MemberID, Date, CheckInTime, CheckOutTime) VALUES (120, 26, '2024-05-11', '8:55', '10:04');
INSERT INTO Attendance (AttendanceID, MemberID, Date, CheckInTime, CheckOutTime) VALUES (121, 84, '2024-05-16', '8:07', '10:00');
INSERT INTO Attendance (AttendanceID, MemberID, Date, CheckInTime, CheckOutTime) VALUES (122, 60, '2024-05-17', '6:59', '10:33');
INSERT INTO Attendance (AttendanceID, MemberID, Date, CheckInTime, CheckOutTime) VALUES (123, 23, '2024-05-26', '8:46', '9:22');
INSERT INTO Attendance (AttendanceID, MemberID, Date, CheckInTime, CheckOutTime) VALUES (124, 6, '2024-05-22', '8:34', '9:03');
INSERT INTO Attendance (AttendanceID, MemberID, Date, CheckInTime, CheckOutTime) VALUES (125, 24, '2024-05-11', '8:03', '10:29');
INSERT INTO Attendance (AttendanceID, MemberID, Date, CheckInTime, CheckOutTime) VALUES (126, 94, '2024-05-03', '6:40', '9:34');
INSERT INTO Attendance (AttendanceID, MemberID, Date, CheckInTime, CheckOutTime) VALUES (127, 3, '2024-05-03', '8:12', '9:34');
INSERT INTO Attendance (AttendanceID, MemberID, Date, CheckInTime, CheckOutTime) VALUES (128, 90, '2024-05-23', '8:47', '9:50');
INSERT INTO Attendance (AttendanceID, MemberID, Date, CheckInTime, CheckOutTime) VALUES (129, 45, '2024-05-12', '7:25', '10:19');
INSERT INTO Attendance (AttendanceID, MemberID, Date, CheckInTime, CheckOutTime) VALUES (130, 76, '2024-05-04', '8:56', '10:21');
INSERT INTO Attendance (AttendanceID, MemberID, Date, CheckInTime, CheckOutTime) VALUES (131, 4, '2024-05-23', '8:42', '9:47');
INSERT INTO Attendance (AttendanceID, MemberID, Date, CheckInTime, CheckOutTime) VALUES (132, 89, '2024-05-26', '7:15', '10:09');
INSERT INTO Attendance (AttendanceID, MemberID, Date, CheckInTime, CheckOutTime) VALUES (133, 6, '2024-05-23', '6:30', '9:18');
INSERT INTO Attendance (AttendanceID, MemberID, Date, CheckInTime, CheckOutTime) VALUES (134, 23, '2024-05-18', '8:52', '10:14');
INSERT INTO Attendance (AttendanceID, MemberID, Date, CheckInTime, CheckOutTime) VALUES (135, 66, '2024-05-25', '8:45', '9:56');
INSERT INTO Attendance (AttendanceID, MemberID, Date, CheckInTime, CheckOutTime) VALUES (136, 99, '2024-05-14', '7:52', '10:51');
INSERT INTO Attendance (AttendanceID, MemberID, Date, CheckInTime, CheckOutTime) VALUES (137, 77, '2024-05-18', '8:02', '9:10');
INSERT INTO Attendance (AttendanceID, MemberID, Date, CheckInTime, CheckOutTime) VALUES (138, 14, '2024-05-25', '8:57', '10:32');
INSERT INTO Attendance (AttendanceID, MemberID, Date, CheckInTime, CheckOutTime) VALUES (139, 49, '2024-05-01', '7:33', '10:00');
INSERT INTO Attendance (AttendanceID, MemberID, Date, CheckInTime, CheckOutTime) VALUES (140, 100, '2024-05-19', '6:21', '9:15');
INSERT INTO Attendance (AttendanceID, MemberID, Date, CheckInTime, CheckOutTime) VALUES (141, 39, '2024-05-12', '8:03', '9:19');
INSERT INTO Attendance (AttendanceID, MemberID, Date, CheckInTime, CheckOutTime) VALUES (142, 34, '2024-05-11', '7:09', '10:12');
INSERT INTO Attendance (AttendanceID, MemberID, Date, CheckInTime, CheckOutTime) VALUES (143, 88, '2024-05-02', '7:54', '10:47');
INSERT INTO Attendance (AttendanceID, MemberID, Date, CheckInTime, CheckOutTime) VALUES (144, 3, '2024-05-23', '8:13', '9:35');
INSERT INTO Attendance (AttendanceID, MemberID, Date, CheckInTime, CheckOutTime) VALUES (145, 56, '2024-05-01', '7:46', '9:49');
INSERT INTO Attendance (AttendanceID, MemberID, Date, CheckInTime, CheckOutTime) VALUES (146, 47, '2024-05-13', '8:02', '9:12');
INSERT INTO Attendance (AttendanceID, MemberID, Date, CheckInTime, CheckOutTime) VALUES (147, 70, '2024-05-03', '6:57', '10:44');
INSERT INTO Attendance (AttendanceID, MemberID, Date, CheckInTime, CheckOutTime) VALUES (148, 20, '2024-05-21', '8:04', '9:13');
INSERT INTO Attendance (AttendanceID, MemberID, Date, CheckInTime, CheckOutTime) VALUES (149, 61, '2024-05-08', '7:15', '9:38');
INSERT INTO Attendance (AttendanceID, MemberID, Date, CheckInTime, CheckOutTime) VALUES (150, 70, '2024-05-05', '6:30', '10:49');
INSERT INTO Attendance (AttendanceID, MemberID, Date, CheckInTime, CheckOutTime) VALUES (151, 4, '2024-05-05', '6:36', '10:29');
INSERT INTO Attendance (AttendanceID, MemberID, Date, CheckInTime, CheckOutTime) VALUES (152, 81, '2024-05-19', '7:13', '9:12');
INSERT INTO Attendance (AttendanceID, MemberID, Date, CheckInTime, CheckOutTime) VALUES (153, 67, '2024-05-06', '7:06', '10:28');
INSERT INTO Attendance (AttendanceID, MemberID, Date, CheckInTime, CheckOutTime) VALUES (154, 58, '2024-05-27', '8:22', '10:17');
INSERT INTO Attendance (AttendanceID, MemberID, Date, CheckInTime, CheckOutTime) VALUES (155, 79, '2024-05-07', '8:54', '10:50');
INSERT INTO Attendance (AttendanceID, MemberID, Date, CheckInTime, CheckOutTime) VALUES (156, 12, '2024-05-27', '8:44', '10:02');
INSERT INTO Attendance (AttendanceID, MemberID, Date, CheckInTime, CheckOutTime) VALUES (157, 91, '2024-05-13', '6:38', '10:17');
INSERT INTO Attendance (AttendanceID, MemberID, Date, CheckInTime, CheckOutTime) VALUES (158, 60, '2024-05-02', '7:55', '10:39');
INSERT INTO Attendance (AttendanceID, MemberID, Date, CheckInTime, CheckOutTime) VALUES (159, 33, '2024-05-10', '7:00', '9:14');
INSERT INTO Attendance (AttendanceID, MemberID, Date, CheckInTime, CheckOutTime) VALUES (160, 22, '2024-05-21', '6:15', '9:50');
INSERT INTO Attendance (AttendanceID, MemberID, Date, CheckInTime, CheckOutTime) VALUES (161, 62, '2024-05-26', '8:40', '10:49');
INSERT INTO Attendance (AttendanceID, MemberID, Date, CheckInTime, CheckOutTime) VALUES (162, 8, '2024-05-23', '6:51', '9:31');
INSERT INTO Attendance (AttendanceID, MemberID, Date, CheckInTime, CheckOutTime) VALUES (163, 44, '2024-05-11', '7:18', '10:46');
INSERT INTO Attendance (AttendanceID, MemberID, Date, CheckInTime, CheckOutTime) VALUES (164, 72, '2024-05-21', '6:54', '9:35');
INSERT INTO Attendance (AttendanceID, MemberID, Date, CheckInTime, CheckOutTime) VALUES (165, 71, '2024-05-17', '7:52', '10:52');
INSERT INTO Attendance (AttendanceID, MemberID, Date, CheckInTime, CheckOutTime) VALUES (166, 64, '2024-05-05', '7:24', '9:50');
INSERT INTO Attendance (AttendanceID, MemberID, Date, CheckInTime, CheckOutTime) VALUES (167, 19, '2024-05-05', '7:28', '9:29');
INSERT INTO Attendance (AttendanceID, MemberID, Date, CheckInTime, CheckOutTime) VALUES (168, 30, '2024-05-19', '8:59', '10:22');
INSERT INTO Attendance (AttendanceID, MemberID, Date, CheckInTime, CheckOutTime) VALUES (169, 57, '2024-05-22', '8:41', '10:06');
INSERT INTO Attendance (AttendanceID, MemberID, Date, CheckInTime, CheckOutTime) VALUES (170, 15, '2024-05-23', '7:38', '10:14');
INSERT INTO Attendance (AttendanceID, MemberID, Date, CheckInTime, CheckOutTime) VALUES (171, 21, '2024-05-03', '7:28', '9:00');
INSERT INTO Attendance (AttendanceID, MemberID, Date, CheckInTime, CheckOutTime) VALUES (172, 43, '2024-05-03', '6:47', '10:04');
INSERT INTO Attendance (AttendanceID, MemberID, Date, CheckInTime, CheckOutTime) VALUES (173, 96, '2024-05-20', '6:54', '10:05');
INSERT INTO Attendance (AttendanceID, MemberID, Date, CheckInTime, CheckOutTime) VALUES (174, 41, '2024-05-09', '7:49', '10:18');
INSERT INTO Attendance (AttendanceID, MemberID, Date, CheckInTime, CheckOutTime) VALUES (175, 45, '2024-05-26', '7:41', '10:05');
INSERT INTO Attendance (AttendanceID, MemberID, Date, CheckInTime, CheckOutTime) VALUES (176, 38, '2024-05-17', '6:20', '9:17');
INSERT INTO Attendance (AttendanceID, MemberID, Date, CheckInTime, CheckOutTime) VALUES (177, 29, '2024-05-05', '8:06', '10:34');
INSERT INTO Attendance (AttendanceID, MemberID, Date, CheckInTime, CheckOutTime) VALUES (178, 72, '2024-05-19', '8:35', '10:50');
INSERT INTO Attendance (AttendanceID, MemberID, Date, CheckInTime, CheckOutTime) VALUES (179, 64, '2024-05-22', '7:09', '10:45');
INSERT INTO Attendance (AttendanceID, MemberID, Date, CheckInTime, CheckOutTime) VALUES (180, 87, '2024-05-11', '8:26', '10:36');
INSERT INTO Attendance (AttendanceID, MemberID, Date, CheckInTime, CheckOutTime) VALUES (181, 96, '2024-05-24', '7:00', '10:14');
INSERT INTO Attendance (AttendanceID, MemberID, Date, CheckInTime, CheckOutTime) VALUES (182, 53, '2024-05-16', '7:22', '10:52');
INSERT INTO Attendance (AttendanceID, MemberID, Date, CheckInTime, CheckOutTime) VALUES (183, 80, '2024-05-20', '6:12', '9:14');
INSERT INTO Attendance (AttendanceID, MemberID, Date, CheckInTime, CheckOutTime) VALUES (184, 43, '2024-05-24', '8:09', '10:31');
INSERT INTO Attendance (AttendanceID, MemberID, Date, CheckInTime, CheckOutTime) VALUES (185, 90, '2024-05-10', '8:00', '9:01');
INSERT INTO Attendance (AttendanceID, MemberID, Date, CheckInTime, CheckOutTime) VALUES (186, 31, '2024-05-04', '7:29', '10:20');
INSERT INTO Attendance (AttendanceID, MemberID, Date, CheckInTime, CheckOutTime) VALUES (187, 65, '2024-05-05', '6:44', '10:09');
INSERT INTO Attendance (AttendanceID, MemberID, Date, CheckInTime, CheckOutTime) VALUES (188, 59, '2024-05-04', '6:09', '9:47');
INSERT INTO Attendance (AttendanceID, MemberID, Date, CheckInTime, CheckOutTime) VALUES (189, 59, '2024-05-10', '7:31', '10:47');
INSERT INTO Attendance (AttendanceID, MemberID, Date, CheckInTime, CheckOutTime) VALUES (190, 83, '2024-05-08', '8:14', '10:25');
INSERT INTO Attendance (AttendanceID, MemberID, Date, CheckInTime, CheckOutTime) VALUES (191, 94, '2024-05-12', '6:30', '9:11');
INSERT INTO Attendance (AttendanceID, MemberID, Date, CheckInTime, CheckOutTime) VALUES (192, 71, '2024-05-08', '6:06', '9:14');
INSERT INTO Attendance (AttendanceID, MemberID, Date, CheckInTime, CheckOutTime) VALUES (193, 28, '2024-05-15', '8:04', '9:11');
INSERT INTO Attendance (AttendanceID, MemberID, Date, CheckInTime, CheckOutTime) VALUES (194, 52, '2024-05-11', '7:30', '10:48');
INSERT INTO Attendance (AttendanceID, MemberID, Date, CheckInTime, CheckOutTime) VALUES (195, 96, '2024-05-13', '7:32', '10:39');
INSERT INTO Attendance (AttendanceID, MemberID, Date, CheckInTime, CheckOutTime) VALUES (196, 9, '2024-05-12', '8:48', '10:33');
INSERT INTO Attendance (AttendanceID, MemberID, Date, CheckInTime, CheckOutTime) VALUES (197, 8, '2024-05-09', '6:21', '9:04');
INSERT INTO Attendance (AttendanceID, MemberID, Date, CheckInTime, CheckOutTime) VALUES (198, 3, '2024-05-20', '8:18', '9:11');
INSERT INTO Attendance (AttendanceID, MemberID, Date, CheckInTime, CheckOutTime) VALUES (199, 30, '2024-05-28', '7:57', '10:11');
INSERT INTO Attendance (AttendanceID, MemberID, Date, CheckInTime, CheckOutTime) VALUES (200, 100, '2024-05-21', '8:35', '9:47');
INSERT INTO Attendance (AttendanceID, MemberID, Date, CheckInTime, CheckOutTime) VALUES (201, 40, '2024-05-06', '6:25', '10:52');
INSERT INTO Attendance (AttendanceID, MemberID, Date, CheckInTime, CheckOutTime) VALUES (202, 49, '2024-05-07', '8:52', '9:48');
INSERT INTO Attendance (AttendanceID, MemberID, Date, CheckInTime, CheckOutTime) VALUES (203, 17, '2024-05-27', '8:41', '9:23');
INSERT INTO Attendance (AttendanceID, MemberID, Date, CheckInTime, CheckOutTime) VALUES (204, 82, '2024-05-16', '8:31', '9:45');
INSERT INTO Attendance (AttendanceID, MemberID, Date, CheckInTime, CheckOutTime) VALUES (205, 39, '2024-05-01', '6:27', '9:10');
INSERT INTO Attendance (AttendanceID, MemberID, Date, CheckInTime, CheckOutTime) VALUES (206, 10, '2024-05-07', '8:58', '10:51');
INSERT INTO Attendance (AttendanceID, MemberID, Date, CheckInTime, CheckOutTime) VALUES (207, 28, '2024-05-16', '8:50', '9:43');
INSERT INTO Attendance (AttendanceID, MemberID, Date, CheckInTime, CheckOutTime) VALUES (208, 38, '2024-05-12', '6:06', '9:45');
INSERT INTO Attendance (AttendanceID, MemberID, Date, CheckInTime, CheckOutTime) VALUES (209, 72, '2024-05-03', '7:13', '9:37');
INSERT INTO Attendance (AttendanceID, MemberID, Date, CheckInTime, CheckOutTime) VALUES (210, 6, '2024-05-05', '7:15', '10:29');
INSERT INTO Attendance (AttendanceID, MemberID, Date, CheckInTime, CheckOutTime) VALUES (211, 51, '2024-05-18', '7:47', '9:16');
INSERT INTO Attendance (AttendanceID, MemberID, Date, CheckInTime, CheckOutTime) VALUES (212, 33, '2024-05-24', '7:17', '10:06');
INSERT INTO Attendance (AttendanceID, MemberID, Date, CheckInTime, CheckOutTime) VALUES (213, 85, '2024-05-26', '7:42', '9:29');
INSERT INTO Attendance (AttendanceID, MemberID, Date, CheckInTime, CheckOutTime) VALUES (214, 39, '2024-05-10', '6:45', '9:06');
INSERT INTO Attendance (AttendanceID, MemberID, Date, CheckInTime, CheckOutTime) VALUES (215, 40, '2024-05-16', '8:10', '9:45');
INSERT INTO Attendance (AttendanceID, MemberID, Date, CheckInTime, CheckOutTime) VALUES (216, 34, '2024-05-05', '7:21', '9:53');
INSERT INTO Attendance (AttendanceID, MemberID, Date, CheckInTime, CheckOutTime) VALUES (217, 71, '2024-05-21', '6:32', '9:18');
INSERT INTO Attendance (AttendanceID, MemberID, Date, CheckInTime, CheckOutTime) VALUES (218, 7, '2024-05-15', '8:05', '10:50');
INSERT INTO Attendance (AttendanceID, MemberID, Date, CheckInTime, CheckOutTime) VALUES (219, 24, '2024-05-24', '7:18', '9:11');
INSERT INTO Attendance (AttendanceID, MemberID, Date, CheckInTime, CheckOutTime) VALUES (220, 84, '2024-05-18', '8:18', '10:08');
INSERT INTO Attendance (AttendanceID, MemberID, Date, CheckInTime, CheckOutTime) VALUES (221, 89, '2024-05-03', '6:45', '9:12');
INSERT INTO Attendance (AttendanceID, MemberID, Date, CheckInTime, CheckOutTime) VALUES (222, 12, '2024-05-06', '7:04', '10:45');
INSERT INTO Attendance (AttendanceID, MemberID, Date, CheckInTime, CheckOutTime) VALUES (223, 54, '2024-05-21', '6:58', '9:13');
INSERT INTO Attendance (AttendanceID, MemberID, Date, CheckInTime, CheckOutTime) VALUES (224, 18, '2024-05-13', '7:01', '10:19');
INSERT INTO Attendance (AttendanceID, MemberID, Date, CheckInTime, CheckOutTime) VALUES (225, 87, '2024-05-12', '8:33', '9:23');
INSERT INTO Attendance (AttendanceID, MemberID, Date, CheckInTime, CheckOutTime) VALUES (226, 12, '2024-05-14', '8:55', '9:50');
INSERT INTO Attendance (AttendanceID, MemberID, Date, CheckInTime, CheckOutTime) VALUES (227, 54, '2024-05-25', '6:38', '9:41');
INSERT INTO Attendance (AttendanceID, MemberID, Date, CheckInTime, CheckOutTime) VALUES (228, 9, '2024-05-08', '6:08', '9:03');
INSERT INTO Attendance (AttendanceID, MemberID, Date, CheckInTime, CheckOutTime) VALUES (229, 28, '2024-05-02', '7:04', '9:22');
INSERT INTO Attendance (AttendanceID, MemberID, Date, CheckInTime, CheckOutTime) VALUES (230, 47, '2024-05-02', '7:42', '9:50');
INSERT INTO Attendance (AttendanceID, MemberID, Date, CheckInTime, CheckOutTime) VALUES (231, 3, '2024-05-01', '7:35', '9:50');
INSERT INTO Attendance (AttendanceID, MemberID, Date, CheckInTime, CheckOutTime) VALUES (232, 89, '2024-05-19', '7:06', '9:00');
INSERT INTO Attendance (AttendanceID, MemberID, Date, CheckInTime, CheckOutTime) VALUES (233, 73, '2024-05-11', '7:58', '10:35');
INSERT INTO Attendance (AttendanceID, MemberID, Date, CheckInTime, CheckOutTime) VALUES (234, 40, '2024-05-27', '8:35', '9:01');
INSERT INTO Attendance (AttendanceID, MemberID, Date, CheckInTime, CheckOutTime) VALUES (235, 86, '2024-05-25', '8:26', '9:03');
INSERT INTO Attendance (AttendanceID, MemberID, Date, CheckInTime, CheckOutTime) VALUES (236, 38, '2024-05-15', '6:14', '9:36');
INSERT INTO Attendance (AttendanceID, MemberID, Date, CheckInTime, CheckOutTime) VALUES (237, 50, '2024-05-04', '6:21', '9:35');
INSERT INTO Attendance (AttendanceID, MemberID, Date, CheckInTime, CheckOutTime) VALUES (238, 73, '2024-05-01', '6:51', '9:29');
INSERT INTO Attendance (AttendanceID, MemberID, Date, CheckInTime, CheckOutTime) VALUES (239, 55, '2024-05-12', '7:29', '10:23');
INSERT INTO Attendance (AttendanceID, MemberID, Date, CheckInTime, CheckOutTime) VALUES (240, 15, '2024-05-07', '8:53', '10:31');
INSERT INTO Attendance (AttendanceID, MemberID, Date, CheckInTime, CheckOutTime) VALUES (241, 48, '2024-05-08', '8:32', '10:09');
INSERT INTO Attendance (AttendanceID, MemberID, Date, CheckInTime, CheckOutTime) VALUES (242, 60, '2024-05-16', '8:57', '9:31');
INSERT INTO Attendance (AttendanceID, MemberID, Date, CheckInTime, CheckOutTime) VALUES (243, 64, '2024-05-08', '7:35', '10:33');
INSERT INTO Attendance (AttendanceID, MemberID, Date, CheckInTime, CheckOutTime) VALUES (244, 5, '2024-05-21', '8:23', '9:22');
INSERT INTO Attendance (AttendanceID, MemberID, Date, CheckInTime, CheckOutTime) VALUES (245, 48, '2024-05-10', '8:46', '9:19');
INSERT INTO Attendance (AttendanceID, MemberID, Date, CheckInTime, CheckOutTime) VALUES (246, 52, '2024-05-27', '7:44', '10:27');
INSERT INTO Attendance (AttendanceID, MemberID, Date, CheckInTime, CheckOutTime) VALUES (247, 97, '2024-05-18', '8:35', '10:41');
INSERT INTO Attendance (AttendanceID, MemberID, Date, CheckInTime, CheckOutTime) VALUES (248, 76, '2024-05-15', '6:34', '9:48');
INSERT INTO Attendance (AttendanceID, MemberID, Date, CheckInTime, CheckOutTime) VALUES (249, 51, '2024-05-07', '7:37', '9:19');
INSERT INTO Attendance (AttendanceID, MemberID, Date, CheckInTime, CheckOutTime) VALUES (250, 39, '2024-05-28', '7:53', '9:31');
INSERT INTO Attendance (AttendanceID, MemberID, Date, CheckInTime, CheckOutTime) VALUES (251, 56, '2024-05-19', '7:13', '10:30');
INSERT INTO Attendance (AttendanceID, MemberID, Date, CheckInTime, CheckOutTime) VALUES (252, 38, '2024-05-23', '8:41', '10:10');
INSERT INTO Attendance (AttendanceID, MemberID, Date, CheckInTime, CheckOutTime) VALUES (253, 34, '2024-05-14', '7:36', '10:19');
INSERT INTO Attendance (AttendanceID, MemberID, Date, CheckInTime, CheckOutTime) VALUES (254, 92, '2024-05-26', '8:04', '10:35');
INSERT INTO Attendance (AttendanceID, MemberID, Date, CheckInTime, CheckOutTime) VALUES (255, 49, '2024-05-10', '8:27', '9:04');
INSERT INTO Attendance (AttendanceID, MemberID, Date, CheckInTime, CheckOutTime) VALUES (256, 52, '2024-05-02', '7:30', '9:16');
INSERT INTO Attendance (AttendanceID, MemberID, Date, CheckInTime, CheckOutTime) VALUES (257, 73, '2024-05-11', '6:49', '9:20');
INSERT INTO Attendance (AttendanceID, MemberID, Date, CheckInTime, CheckOutTime) VALUES (258, 75, '2024-05-15', '8:24', '9:16');
INSERT INTO Attendance (AttendanceID, MemberID, Date, CheckInTime, CheckOutTime) VALUES (259, 99, '2024-05-08', '8:08', '9:53');
INSERT INTO Attendance (AttendanceID, MemberID, Date, CheckInTime, CheckOutTime) VALUES (260, 48, '2024-05-03', '7:19', '9:23');
INSERT INTO Attendance (AttendanceID, MemberID, Date, CheckInTime, CheckOutTime) VALUES (261, 22, '2024-05-01', '6:42', '10:58');
INSERT INTO Attendance (AttendanceID, MemberID, Date, CheckInTime, CheckOutTime) VALUES (262, 73, '2024-05-25', '7:56', '10:16');
INSERT INTO Attendance (AttendanceID, MemberID, Date, CheckInTime, CheckOutTime) VALUES (263, 92, '2024-05-27', '6:12', '10:43');
INSERT INTO Attendance (AttendanceID, MemberID, Date, CheckInTime, CheckOutTime) VALUES (264, 43, '2024-05-02', '8:04', '10:29');
INSERT INTO Attendance (AttendanceID, MemberID, Date, CheckInTime, CheckOutTime) VALUES (265, 86, '2024-05-08', '8:35', '10:21');
INSERT INTO Attendance (AttendanceID, MemberID, Date, CheckInTime, CheckOutTime) VALUES (266, 72, '2024-05-08', '8:29', '10:36');
INSERT INTO Attendance (AttendanceID, MemberID, Date, CheckInTime, CheckOutTime) VALUES (267, 27, '2024-05-12', '6:20', '10:37');
INSERT INTO Attendance (AttendanceID, MemberID, Date, CheckInTime, CheckOutTime) VALUES (268, 91, '2024-05-15', '7:29', '10:58');
INSERT INTO Attendance (AttendanceID, MemberID, Date, CheckInTime, CheckOutTime) VALUES (269, 16, '2024-05-24', '8:45', '9:17');
INSERT INTO Attendance (AttendanceID, MemberID, Date, CheckInTime, CheckOutTime) VALUES (270, 45, '2024-05-20', '7:08', '9:01');
INSERT INTO Attendance (AttendanceID, MemberID, Date, CheckInTime, CheckOutTime) VALUES (271, 33, '2024-05-17', '6:41', '10:38');
INSERT INTO Attendance (AttendanceID, MemberID, Date, CheckInTime, CheckOutTime) VALUES (272, 74, '2024-05-03', '6:32', '9:35');
INSERT INTO Attendance (AttendanceID, MemberID, Date, CheckInTime, CheckOutTime) VALUES (273, 42, '2024-05-09', '7:29', '10:41');
INSERT INTO Attendance (AttendanceID, MemberID, Date, CheckInTime, CheckOutTime) VALUES (274, 33, '2024-05-19', '8:37', '10:25');
INSERT INTO Attendance (AttendanceID, MemberID, Date, CheckInTime, CheckOutTime) VALUES (275, 22, '2024-05-18', '7:02', '10:09');
INSERT INTO Attendance (AttendanceID, MemberID, Date, CheckInTime, CheckOutTime) VALUES (276, 35, '2024-05-13', '8:31', '9:53');
INSERT INTO Attendance (AttendanceID, MemberID, Date, CheckInTime, CheckOutTime) VALUES (277, 69, '2024-05-03', '8:04', '10:49');
INSERT INTO Attendance (AttendanceID, MemberID, Date, CheckInTime, CheckOutTime) VALUES (278, 82, '2024-05-26', '6:18', '9:23');
INSERT INTO Attendance (AttendanceID, MemberID, Date, CheckInTime, CheckOutTime) VALUES (279, 57, '2024-05-02', '6:12', '10:31');
INSERT INTO Attendance (AttendanceID, MemberID, Date, CheckInTime, CheckOutTime) VALUES (280, 97, '2024-05-25', '7:56', '10:49');
INSERT INTO Attendance (AttendanceID, MemberID, Date, CheckInTime, CheckOutTime) VALUES (281, 51, '2024-05-14', '6:18', '10:04');
INSERT INTO Attendance (AttendanceID, MemberID, Date, CheckInTime, CheckOutTime) VALUES (282, 9, '2024-05-28', '6:59', '9:00');
INSERT INTO Attendance (AttendanceID, MemberID, Date, CheckInTime, CheckOutTime) VALUES (283, 4, '2024-05-17', '8:54', '9:25');
INSERT INTO Attendance (AttendanceID, MemberID, Date, CheckInTime, CheckOutTime) VALUES (284, 82, '2024-05-23', '6:37', '9:05');
INSERT INTO Attendance (AttendanceID, MemberID, Date, CheckInTime, CheckOutTime) VALUES (285, 10, '2024-05-21', '6:05', '10:43');
INSERT INTO Attendance (AttendanceID, MemberID, Date, CheckInTime, CheckOutTime) VALUES (286, 42, '2024-05-13', '6:27', '9:28');
INSERT INTO Attendance (AttendanceID, MemberID, Date, CheckInTime, CheckOutTime) VALUES (287, 97, '2024-05-04', '6:00', '10:57');
INSERT INTO Attendance (AttendanceID, MemberID, Date, CheckInTime, CheckOutTime) VALUES (288, 81, '2024-05-15', '7:58', '9:26');
INSERT INTO Attendance (AttendanceID, MemberID, Date, CheckInTime, CheckOutTime) VALUES (289, 62, '2024-05-10', '7:18', '9:54');
INSERT INTO Attendance (AttendanceID, MemberID, Date, CheckInTime, CheckOutTime) VALUES (290, 18, '2024-05-25', '8:38', '9:28');
INSERT INTO Attendance (AttendanceID, MemberID, Date, CheckInTime, CheckOutTime) VALUES (291, 18, '2024-05-21', '8:20', '9:48');
INSERT INTO Attendance (AttendanceID, MemberID, Date, CheckInTime, CheckOutTime) VALUES (292, 95, '2024-05-13', '7:21', '9:18');
INSERT INTO Attendance (AttendanceID, MemberID, Date, CheckInTime, CheckOutTime) VALUES (293, 93, '2024-05-19', '6:54', '10:51');
INSERT INTO Attendance (AttendanceID, MemberID, Date, CheckInTime, CheckOutTime) VALUES (294, 100, '2024-05-21', '8:40', '10:45');
INSERT INTO Attendance (AttendanceID, MemberID, Date, CheckInTime, CheckOutTime) VALUES (295, 100, '2024-05-16', '6:28', '10:40');
INSERT INTO Attendance (AttendanceID, MemberID, Date, CheckInTime, CheckOutTime) VALUES (296, 51, '2024-05-06', '6:31', '9:15');
INSERT INTO Attendance (AttendanceID, MemberID, Date, CheckInTime, CheckOutTime) VALUES (297, 18, '2024-05-02', '6:17', '10:27');
INSERT INTO Attendance (AttendanceID, MemberID, Date, CheckInTime, CheckOutTime) VALUES (298, 22, '2024-05-15', '8:55', '10:07');
INSERT INTO Attendance (AttendanceID, MemberID, Date, CheckInTime, CheckOutTime) VALUES (299, 21, '2024-05-23', '6:08', '10:08');
INSERT INTO Attendance (AttendanceID, MemberID, Date, CheckInTime, CheckOutTime) VALUES (300, 19, '2024-05-18', '6:06', '9:45');